0.745235,0.752903,0.732807,0.470154,1.145548
0.745235,0.782498,0.778776,0.627738,1.527902
0.745235,0.775346,0.778776,0.628114,1.529463
0.745235,0.775346,0.778776,0.62922,1.533929
0.745235,0.694962,0.716202,0.629533,1.534677
0.704867,0.630112,0.623999,0.632029,1.538617
0.704867,0.60063,0.623999,0.668397,1.584219
0.704867,0.61055,0.623999,0.724091,1.637008
0.704867,0.630112,0.643312,0.732021,1.64096
0.704867,0.649252,0.643312,0.735388,1.642763
0.704867,0.703695,0.69834,0.738755,1.644565
0.704867,0.686086,0.69834,0.735625,1.645767
0.704867,0.694962,0.680527,0.7325,1.645767
0.704867,0.658652,0.66217,0.7325,1.645767
0.704867,0.649252,0.643312,0.7325,1.64705
0.704867,0.62038,0.643312,0.750831,1.664797
0.704867,0.580551,0.643312,0.784996,1.700091
0.704867,0.667928,0.66217,0.788578,1.735751
0.745235,0.61055,0.60502,0.788578,1.769506
0.745235,0.59063,0.60502,0.792767,1.826291
0.745235,0.59063,0.584971,0.809625,1.934101
0.745235,0.560197,0.564637,0.811,2.038859
0.781791,0.580551,0.585719,0.811,2.120284
0.814409,0.456771,0.462597,0.86725,2.20875
0.781791,0.405883,0.420822,0.946936,2.27535
0.814409,0.405883,0.421574,1.029263,2.342465
0.843129,0.310809,0.325349,1.115308,2.411887
0.843129,0.301982,0.289931,1.243702,2.416999
0.843129,0.252172,0.2569,1.430538,2.416999
0.814409,0.222146,0.225893,1.533673,2.376207
0.781791,0.182069,0.184769,1.618908,2.31106
0.781791,0.158622,0.172562,1.715048,2.306104
0.464234,0.110677,0.118657,1.851409,2.293286
0.366128,0.11912,0.118014,1.966076,2.254898
0.366128,0.123548,0.118014,2.075664,2.219327
0.277997,0.147847,0.145803,2.278067,2.04654
0.239177,0.153157,0.156069,2.340029,1.943104
0.239177,0.222146,0.218964,2.39032,1.872771
0.239177,0.215054,0.218964,2.421444,1.807603
0.204244,0.268155,0.264024,2.4235,1.720774
0.204244,0.301982,0.280507,2.423625,1.614442
0.173252,0.284768,0.279885,2.42528,1.482595
0.204244,0.395907,0.391104,2.422193,1.306164
0.204244,0.426057,0.451889,2.41226,1.197301
0.239177,0.477442,0.473339,2.369103,1.037329
0.173252,0.446485,0.534128,2.336332,0.966889
0.146099,0.508574,0.533361,2.304693,0.835269
0.173252,0.658652,0.653848,2.271529,0.778571
0.173252,0.62038,0.634782,2.217048,0.778571
0.239177,0.658652,0.655242,2.156545,0.782036
0.204244,0.658652,0.654545,2.119704,0.788879
0.277997,0.60063,0.597632,2.097582,0.816123
0.366128,0.570404,0.537961,2.020509,0.850921
0.366128,0.549939,0.537961,1.881206,0.879206
0.464234,0.487813,0.497969,1.85493,0.894818
0.366128,0.487813,0.517224,1.774255,1.025924
0.366128,0.415932,0.414077,1.697,1.159528
0.565189,0.456771,0.458003,1.660766,1.312704
0.614206,0.436244,0.458768,1.583105,1.43073
0.661011,0.508574,0.3787,1.546086,1.472799
0.704867,0.405883,0.379426,1.408038,1.581622
0.745235,0.415932,0.420071,1.304345,1.693274
0.814409,0.436244,0.441986,1.287828,1.732144
0.781791,0.529309,0.544847,1.188232,1.899877
0.781791,0.539643,0.544847,1.09128,2.006395
0.781791,0.560197,0.565394,0.976644,2.044892
0.781791,0.539643,0.565394,0.878577,2.04709
0.781791,0.570404,0.565394,0.780335,2.04836
0.814409,0.539643,0.545612,0.748153,2.049385
0.814409,0.477442,0.504133,0.732,2.050916
0.814409,0.405883,0.401425,0.732,2.05168
0.814409,0.436244,0.462597,0.732,2.058744
0.781791,0.405883,0.380878,0.7501,2.14815
0.814409,0.415932,0.401425,0.83425,2.198
0.781791,0.347462,0.36146,0.921605,2.208264
0.781791,0.356938,0.36146,1.038036,2.210273
0.781791,0.310809,0.323998,1.158816,2.214064
0.781791,0.293299,0.288664,1.213594,2.236138
0.781791,0.222146,0.225354,1.27565,2.240543
0.614206,0.194766,0.195685,1.371479,2.242053
0.614206,0.158622,0.170809,1.495895,2.229781
0.661011,0.170023,0.159757,1.602921,2.227781
0.320463,0.147847,0.180171,1.697961,2.227781
0.277997,0.182069,0.192312,1.795299,2.236696
0.239177,0.182069,0.179263,1.875137,2.193457
0.173252,0.252172,0.232425,1.922431,2.137236
0.204244,0.268155,0.264024,2.114696,2.087563
0.239177,0.319775,0.298248,2.211739,1.966193
0.277997,0.338105,0.33489,2.24299,1.802099
0.173252,0.436244,0.430617,2.268028,1.717129
0.204244,0.456771,0.472571,2.30548,1.535852
0.204244,0.487813,0.514145,2.275647,1.372884
0.173252,0.539643,0.634782,2.265447,1.24808
0.204244,0.549939,0.534895,2.252696,1.192153
0.239177,0.667928,0.673789,2.224958,1.1355
0.239177,0.667928,0.636209,2.215072,1.041138
0.320463,0.686086,0.693121,2.192915,0.954512
0.320463,0.745095,0.743528,2.14726,0.903449
0.366128,0.712282,0.711164,2.072906,0.875788
0.366128,0.775346,0.727952,1.942433,0.812257
0.464234,0.775346,0.80321,1.88508,0.767736
0.414332,0.768028,0.775037,1.802328,0.697913
0.366128,0.745095,0.744115,1.640591,0.664556
0.464234,0.815767,0.80321,1.547025,0.664556
0.514863,0.760546,0.77611,1.459133,0.664556
0.514863,0.760546,0.77611,1.372508,0.684962
0.565189,0.745095,0.761879,1.329895,0.730993
0.565189,0.694962,0.696389,1.281716,0.742315
0.565189,0.686086,0.696389,1.233612,0.754988
0.565189,0.667928,0.678513,1.159872,0.843754
0.661011,0.677075,0.679856,1.037233,0.943588
0.661011,0.677075,0.661481,0.991713,1.157261
0.661011,0.62038,0.642605,0.957703,1.244976
0.745235,0.61055,0.624722,0.945471,1.345625
0.704867,0.570404,0.563879,0.920326,1.432029
0.781791,0.529309,0.544847,0.885748,1.549327
0.745235,0.560197,0.523378,0.854,1.675128
0.781791,0.487813,0.441226,0.854,1.765602
0.781791,0.686086,0.503362,0.854,1.890012
0.814409,0.37622,0.362171,0.883752,1.966585
0.781791,0.37622,0.380878,0.938098,2.040035
0.781791,0.276384,0.288664,0.969899,2.128421
0.781791,0.268155,0.255725,1.020795,2.230145
0.745235,0.236831,0.23965,1.068114,2.302267
0.661011,0.201363,0.209625,1.120201,2.308827
0.661011,0.175965,0.171246,1.26562,2.308827
0.614206,0.147847,0.159344,1.402298,2.308364
0.565189,0.14269,0.128327,1.469969,2.299806
0.320463,0.14269,0.146187,1.562611,2.285095
0.239177,0.194766,0.191834,1.673643,2.278413
0.173252,0.229406,0.263425,1.772464,2.272807
0.239177,0.252172,0.24875,1.902197,2.259325
0.239177,0.37622,0.218964,1.965777,2.216189
0.173252,0.284768,0.279885,2.003924,2.130073
0.204244,0.338105,0.333519,2.11344,1.957076
0.173252,0.405883,0.410343,2.140051,1.855075
0.204244,0.446485,0.411089,2.187251,1.756996
0.277997,0.456771,0.453416,2.255277,1.559869
0.239177,0.529309,0.535662,2.293539,1.515875
0.320463,0.62038,0.618197,2.293539,1.449637
0.239177,0.60063,0.576718,2.292994,1.344447
0.239177,0.667928,0.655242,2.257588,1.283595
0.277997,0.686086,0.674466,2.192855,1.234551
0.277997,0.649252,0.636922,2.159,1.125208
0.277997,0.62038,0.636922,2.110116,1.029439
0.277997,0.639736,0.636922,2.0664,0.9593
0.277997,0.677075,0.674466,2.02414,0.88713
0.239177,0.703695,0.691808,1.946376,0.862368
0.239177,0.694962,0.691808,1.865677,0.847843
0.320463,0.639736,0.637635,1.808302,0.838206
0.414332,0.639736,0.619651,1.677166,0.827119
0.414332,0.61055,0.619651,1.610851,0.827119
0.366128,0.570404,0.558567,1.558155,0.841898
0.414332,0.539643,0.538727,1.548453,0.866363
0.464234,0.51895,0.518763,1.530469,1.002026
0.464234,0.436244,0.456473,1.516297,1.158616
0.464234,0.405883,0.415573,1.515027,1.272085
0.514863,0.310809,0.319961,1.524472,1.356452
0.514863,0.284768,0.284882,1.517493,1.46449
0.514863,0.252172,0.268237,1.52141,1.538096
0.565189,0.236831,0.252803,1.532101,1.65925
0.661011,0.268155,0.286769,1.540613,1.849164
0.661011,0.252172,0.253969,1.530089,1.959955
0.704867,0.260082,0.254554,1.510245,2.068074
0.781791,0.293299,0.288664,1.495755,2.151717
0.781791,0.260082,0.255725,1.45406,2.193407
0.781791,0.276384,0.288664,1.385163,2.206588
0.781791,0.328873,0.342483,1.334132,2.216401
0.814409,0.37622,0.381605,1.244281,2.298011
0.814409,0.386017,0.381605,1.191863,2.328988
0.781791,0.405883,0.400685,1.101971,2.328988
0.781791,0.456771,0.461831,1.05183,2.328988
0.745235,0.426057,0.440467,1.024925,2.272465
0.781791,0.539643,0.544847,0.987692,2.196645
0.745235,0.580551,0.60502,0.92907,2.106495
0.745235,0.580551,0.584971,0.885225,2.040851
0.745235,0.61055,0.60502,0.87617,1.961411
0.661011,0.539643,0.542554,0.877661,1.872879
0.661011,0.60063,0.583474,0.891965,1.827075
0.565189,0.686086,0.678513,0.923431,1.689675
0.565189,0.694962,0.678513,0.966212,1.565832
0.565189,0.712282,0.730386,0.971298,1.440781
0.514863,0.789481,0.790236,0.972439,1.310332
0.565189,0.745095,0.761879,0.981857,1.157158
0.514863,0.821928,0.850993,0.985554,1.083483
0.464234,0.789481,0.789725,0.985554,1.033479
0.514863,0.760546,0.761319,1.011678,0.981022
0.464234,0.775346,0.789725,1.050567,0.897773
0.464234,0.796302,0.789725,1.101379,0.806022
0.414332,0.821928,0.815569,1.186195,0.717885
0.414332,0.789481,0.789213,1.243616,0.653078
0.464234,0.775346,0.775574,1.343834,0.60027
0.414332,0.745095,0.760197,1.451028,0.598559
0.320463,0.728998,0.727341,1.548814,0.592637
0.277997,0.703695,0.692465,1.635239,0.583392
0.239177,0.667928,0.673789,1.733772,0.586105
0.204244,0.694962,0.691151,1.854571,0.617429
0.204244,0.686086,0.691151,2.012838,0.638097
0.204244,0.658652,0.654545,2.152077,0.659184
0.239177,0.630112,0.616741,2.170289,0.694408
0.239177,0.59063,0.596891,2.181825,0.755692
0.239177,0.580551,0.556286,2.195058,0.862273
0.239177,0.508574,0.494117,2.211,0.977142
0.204244,0.46709,0.451889,2.285338,1.046964
0.146099,0.426057,0.409598,2.350996,1.206545
0.204244,0.386017,0.391104,2.38643,1.349618
0.204244,0.37622,0.352265,2.38788,1.489088
0.173252,0.310809,0.29696,2.398428,1.548275
0.239177,0.293299,0.281129,2.407019,1.633096
0.204244,0.252172,0.232976,2.403283,1.748859
0.204244,0.229406,0.204564,2.391315,1.83643
0.204244,0.175965,0.204564,2.377638,1.946792
0.239177,0.137686,0.135381,2.322885,2.053014
0.204244,0.114832,0.116737,2.3091,2.1456
0.239177,0.128116,0.125933,2.275749,2.155529
0.320463,0.106654,0.109323,2.206057,2.1704
0.366128,0.11912,0.118014,2.167083,2.231701
0.414332,0.110677,0.118335,2.0456,2.345248
0.514863,0.110677,0.118979,1.84588,2.382488
0.565189,0.132828,0.137926,1.700101,2.490703
0.745235,0.164242,0.172122,1.572166,2.523101
0.781791,0.188337,0.184769,1.477497,2.535
0.814409,0.194766,0.198122,1.399796,2.535
0.814409,0.208126,0.211675,1.305162,2.52839
0.814409,0.293299,0.306701,1.151078,2.499603
0.781791,0.319775,0.306046,1.085522,2.463987
0.814409,0.310809,0.324673,0.99749,2.448487
0.814409,0.37622,0.381605,0.959049,2.439288
0.814409,0.405883,0.401425,0.959049,2.373931
0.814409,0.395907,0.381605,0.959049,2.315355
0.814409,0.386017,0.381605,0.994526,2.260431
0.814409,0.415932,0.421574,1.082032,2.191038
0.745235,0.356938,0.360749,1.135499,2.142583
0.745235,0.338105,0.34179,1.202173,2.008037
0.704867,0.319775,0.341097,1.235638,1.878441
0.661011,0.366528,0.3787,1.277152,1.757725
0.614206,0.366528,0.377975,1.347288,1.647898
0.565189,0.37622,0.377251,1.443827,1.5941
0.464234,0.405883,0.395516,1.552246,1.551863
0.464234,0.415932,0.415573,1.692397,1.492427
0.414332,0.37622,0.375081,1.809995,1.437804
0.366128,0.415932,0.414077,1.858483,1.335928
0.366128,0.436244,0.434399,1.886246,1.231356
0.320463,0.426057,0.433642,1.897347,1.151986
0.239177,0.436244,0.432129,1.939588,1.095206
0.320463,0.477442,0.45418,1.987659,1.017345
0.414332,0.580551,0.599853,2.003127,0.894805
0.239177,0.580551,0.556286,2.0085,0.782277
0.277997,0.59063,0.57747,2.007671,0.715901
0.239177,0.61055,0.616741,1.959116,0.682426
0.277997,0.649252,0.655938,1.886668,0.662684
0.204244,0.667928,0.616012,1.817979,0.636288
0.239177,0.694962,0.691808,1.76563,0.586916
0.239177,0.775346,0.77288,1.691263,0.577998
0.239177,0.775346,0.77288,1.647417,0.577998
0.277997,0.775346,0.758508,1.581598,0.581435
0.277997,0.782498,0.773421,1.548325,0.6457
0.320463,0.775346,0.77396,1.503789,0.695902
0.320463,0.775346,0.77396,1.40989,0.770177
0.366128,0.752903,0.744115,1.348737,0.836073
0.414332,0.745095,0.744701,1.24406,0.935502
0.366128,0.728998,0.744115,1.191919,1.015927
0.414332,0.737126,0.728562,1.170578,1.118523
0.414332,0.737126,0.728562,1.14827,1.265841
0.514863,0.694962,0.713059,1.121271,1.401872
0.565189,0.677075,0.696389,1.097759,1.478505
0.565189,0.686086,0.678513,1.019502,1.522066
0.661011,0.61055,0.623276,0.922574,1.628441
0.704867,0.62038,0.623999,0.860553,1.728848
0.661011,0.59063,0.603546,0.850114,1.785127
0.745235,0.59063,0.60502,0.850114,1.855348
0.745235,0.560197,0.564637,0.850114,1.959064
0.745235,0.549939,0.544083,0.873121,2.047956
0.781791,0.498195,0.503362,0.903959,2.126675
0.781791,0.570404,0.565394,0.905837,2.2458
0.745235,0.508574,0.523378,0.928061,2.3415
0.814409,0.446485,0.441986,0.998551,2.353625
0.814409,0.446485,0.462597,1.105718,2.35953
0.814409,0.356938,0.362171,1.241409,2.37051
0.814409,0.328873,0.343178,1.329201,2.372109
0.814409,0.328873,0.324673,1.404202,2.366514
0.781791,0.268155,0.288664,1.516801,2.354594
0.745235,0.24442,0.255139,1.652106,2.339447
0.745235,0.252172,0.255139,1.719061,2.249962
0.745235,0.236831,0.160586,1.759423,2.192017
0.745235,0.158622,0.160586,1.803595,2.159275
0.704867,0.14269,0.149292,1.851292,2.115116
0.614206,0.123548,0.128672,1.924063,2.023535
0.614206,0.164242,0.138293,2.159507,1.975789
0.464234,0.137686,0.147345,2.260871,1.899327
0.414332,0.158622,0.157699,2.269,1.815767
0.277997,0.194766,0.192312,2.279027,1.658846
0.277997,0.222146,0.249326,2.3261,1.427396
0.204244,0.24442,0.218437,2.335497,1.386739
0.277997,0.301982,0.316618,2.296335,1.344865
0.204244,0.347462,0.352265,2.266397,1.226981
0.239177,0.338105,0.352968,2.253919,1.110928
0.204244,0.347462,0.352265,2.24565,0.974747
0.204244,0.477442,0.493346,2.224941,0.940244
0.204244,0.508574,0.493346,2.178294,0.9077
0.173252,0.539643,0.513375,2.140348,0.866831
0.204244,0.60063,0.596149,2.031387,0.801749
0.204244,0.580551,0.555525,1.942483,0.74453
0.204244,0.549939,0.534895,1.879554,0.700723
0.239177,0.61055,0.556286,1.778789,0.679699
0.239177,0.639736,0.636209,1.694553,0.677147
0.204244,0.712282,0.654545,1.608606,0.677147
0.239177,0.720715,0.726117,1.56535,0.678412
0.277997,0.712282,0.709896,1.500914,0.764204
0.239177,0.728998,0.726117,1.456709,0.816349
0.320463,0.712282,0.71053,1.374678,0.856718
0.320463,0.703695,0.693121,1.244471,0.955467
0.414332,0.789481,0.775037,1.154178,1.010813
0.414332,0.712282,0.69443,1.14236,1.134379
0.414332,0.728998,0.711797,1.119749,1.284873
0.414332,0.712282,0.711797,1.10175,1.376684
0.414332,0.694962,0.69443,1.1002,1.538621
0.514863,0.694962,0.677841,1.10506,1.687406
0.464234,0.658652,0.658715,1.095578,1.789577
0.514863,0.658652,0.659407,1.061965,1.848602
0.565189,0.560197,0.561604,1.021796,1.920436
0.704867,0.580551,0.563879,0.849987,1.962513
0.704867,0.549939,0.563879,0.636761,1.972926
0.781791,0.477442,0.503362,0.6095,1.972926
0.781791,0.529309,0.544847,0.6095,1.972926
0.814409,0.549939,0.566152,0.6095,1.919566
0.781791,0.59063,0.585719,0.628949,1.82974
0.814409,0.580551,0.586467,0.667885,1.739669
0.745235,0.630112,0.644019,0.688622,1.642892
0.781791,0.580551,0.585719,0.70381,1.50265
0.745235,0.61055,0.624722,0.709936,1.32527
0.745235,0.580551,0.564637,0.711367,1.248994
0.745235,0.639736,0.60502,0.724044,1.1607
0.661011,0.712282,0.714947,0.749207,1.028273
0.661011,0.720715,0.714947,0.77665,0.941541
0.661011,0.703695,0.714947,0.830596,0.843318
0.614206,0.782498,0.804667,0.865158,0.72152
0.661011,0.802956,0.791765,0.890635,0.587786
0.614206,0.760546,0.762437,0.974134,0.507811
0.565189,0.760546,0.776645,1.138365,0.504691
0.565189,0.815767,0.804182,1.215332,0.504691
0.514863,0.815767,0.816494,1.29253,0.509131
0.514863,0.850322,0.850993,1.405478,0.514804
0.464234,0.850322,0.860871,1.477212,0.522157
0.514863,0.815767,0.828635,1.5722,0.535907
0.464234,0.821928,0.816032,1.710847,0.554312
0.414332,0.827927,0.827758,1.776664,0.56025
0.464234,0.815767,0.816032,1.844012,0.638584
0.464234,0.827927,0.850602,1.915629,0.796092
0.366128,0.789481,0.788699,1.96912,0.847145
0.320463,0.796302,0.788185,2.050577,0.936996
0.366128,0.802956,0.774499,2.107569,0.985509
0.320463,0.728998,0.727341,2.181691,1.051777
0.277997,0.686086,0.692465,2.23875,1.172147
0.239177,0.694962,0.673789,2.245943,1.296452
0.239177,0.686086,0.691808,2.303346,1.372138
0.204244,0.62038,0.616012,2.358718,1.489258
0.173252,0.639736,0.615283,2.368131,1.633911
0.173252,0.59063,0.554764,2.338669,1.700471
0.204244,0.487813,0.472571,2.23375,1.702871
0.173252,0.37622,0.351562,2.203367,1.697397
0.239177,0.328873,0.334204,2.172608,1.685
0.239177,0.222146,0.205066,2.141686,1.636552
0.173252,0.24442,0.232425,2.099942,1.488728
0.12257,0.24442,0.246453,2.037819,1.43104
0.320463,0.328873,0.335577,1.955742,1.409074
0.204244,0.395907,0.391104,1.84748,1.384746
0.277997,0.415932,0.412582,1.730364,1.349735
0.320463,0.477442,0.45418,1.679692,1.296548
0.277997,0.51895,0.536428,1.616816,1.235451
0.366128,0.529309,0.517224,1.545953,1.226971
0.366128,0.580551,0.558567,1.507301,1.234641
0.320463,0.61055,0.618197,1.453239,1.25305
0.366128,0.630112,0.638347,1.392142,1.292356
0.514863,0.51895,0.498739,1.325201,1.398558
0.514863,0.51895,0.540258,1.260515,1.496919
0.565189,0.498195,0.520302,1.200826,1.532498
0.565189,0.539643,0.520302,1.145702,1.554083
0.614206,0.59063,0.602809,1.030364,1.673058
0.614206,0.560197,0.541789,0.99189,1.75725
0.704867,0.560197,0.543318,0.964412,1.854
0.704867,0.529309,0.522609,0.933423,1.936992
0.745235,0.487813,0.502592,0.922033,1.987469
0.745235,0.487813,0.502592,0.877167,2.043578
0.745235,0.508574,0.502592,0.816156,2.094875
0.781791,0.580551,0.585719,0.816156,2.122774
0.781791,0.59063,0.565394,0.816156,2.139718
0.814409,0.549939,0.566152,0.82234,2.1455
0.781791,0.549939,0.544847,0.857991,2.142
0.814409,0.508574,0.524915,0.904822,2.142
0.814409,0.46709,0.483336,1.00443,2.150925
0.781791,0.436244,0.461831,1.193094,2.1645
0.781791,0.405883,0.400685,1.226306,2.166237
0.781791,0.319775,0.342483,1.279043,2.180362
0.745235,0.366528,0.380152,1.472726,2.216853
0.745235,0.293299,0.255139,1.507124,2.227
0.704867,0.268155,0.270664,1.578831,2.227
0.661011,0.252172,0.253969,1.661578,2.227526
0.661011,0.222146,0.223745,1.754125,2.228601
0.614206,0.208126,0.209115,1.867929,2.2385
0.565189,0.158622,0.195201,1.943334,2.247975
0.464234,0.147847,0.147345,2.065375,2.247802
0.414332,0.147847,0.13683,2.1899,2.184296
0.414332,0.11912,0.127296,2.232465,1.984125
0.204244,0.182069,0.166916,2.307405,1.751274
0.239177,0.188337,0.179263,2.334669,1.647947
0.204244,0.260082,0.17881,2.360368,1.605164
0.239177,0.229406,0.205066,2.370958,1.565306
0.173252,0.293299,0.279885,2.364179,1.50264
0.146099,0.347462,0.33215,2.394906,1.377001
0.173252,0.356938,0.332834,2.466914,1.284524
0.173252,0.395907,0.39037,2.435086,1.159995
0.239177,0.405883,0.411836,2.344419,1.035885
0.173252,0.446485,0.451126,2.316492,0.890195
0.146099,0.51895,0.512605,2.309858,0.807542
0.173252,0.62038,0.653848,2.195331,0.792942
0.173252,0.694962,0.690492,2.129316,0.775744
0.239177,0.703695,0.655242,2.009328,0.765191
0.277997,0.720715,0.709896,1.922287,0.741537
0.320463,0.768028,0.759072,1.852468,0.675451
0.320463,0.737126,0.727341,1.776731,0.655901
0.366128,0.775346,0.774499,1.694391,0.653415
0.366128,0.745095,0.744115,1.607555,0.653
0.414332,0.728998,0.728562,1.537793,0.661693
0.464234,0.745095,0.745287,1.452565,0.681054
0.464234,0.775346,0.789725,1.370422,0.718741
0.514863,0.802956,0.790236,1.279501,0.773071
0.464234,0.760546,0.775574,1.180525,0.882886
0.565189,0.745095,0.746455,1.103247,0.987267
0.565189,0.745095,0.746455,1.053533,1.090748
0.661011,0.720715,0.731598,1.032305,1.178767
0.614206,0.686086,0.730993,1.018536,1.2645
0.614206,0.639736,0.66079,0.995579,1.363742
0.661011,0.677075,0.679856,0.974562,1.479952
0.614206,0.728998,0.714319,0.848353,1.529524
0.704867,0.658652,0.643312,0.742253,1.646914
0.704867,0.60063,0.604283,0.73125,1.724744
0.745235,0.580551,0.60502,0.727205,1.860769
0.781791,0.59063,0.605756,0.721442,1.940491
0.781791,0.60063,0.605756,0.718744,2.018946
0.814409,0.570404,0.586467,0.722544,2.130158
0.781791,0.560197,0.585719,0.72795,2.194401
0.814409,0.560197,0.566152,0.739366,2.275268
0.843129,0.539643,0.546376,0.760324,2.323581
0.843129,0.487813,0.525684,0.837258,2.334287
0.814409,0.456771,0.462597,0.950228,2.340462
0.843129,0.436244,0.442746,1.035205,2.354154
0.843129,0.37622,0.382333,1.107089,2.366428
0.843129,0.328873,0.325349,1.183266,2.39508
0.814409,0.260082,0.272493,1.299993,2.399912
0.814409,0.215054,0.256312,1.406053,2.399912
0.781791,0.236831,0.240212,1.533633,2.399725
0.814409,0.201363,0.185233,1.625833,2.346204
0.781791,0.188337,0.197633,1.718614,2.274114
0.781791,0.158622,0.172562,1.776946,2.22751
0.514863,0.170023,0.182,1.863089,2.190654
0.514863,0.137686,0.13756,1.934601,2.164973
0.277997,0.132828,0.135742,2.048834,2.081064
0.239177,0.170023,0.156069,2.176986,1.889206
0.239177,0.201363,0.167345,2.199083,1.751199
0.239177,0.222146,0.191834,2.238853,1.699774
0.239177,0.260082,0.315951,2.254362,1.614945
0.239177,0.301982,0.281129,2.30827,1.331716
0.173252,0.366528,0.370757,2.39335,1.249586
0.173252,0.395907,0.39037,2.3965,1.217015
0.173252,0.386017,0.370757,2.3965,1.184592
0.146099,0.446485,0.429862,2.369704,1.143217
0.173252,0.477442,0.451126,2.246255,1.073642
0.239177,0.51895,0.494117,2.122235,0.96371
0.204244,0.549939,0.534895,2.077723,0.851878
0.173252,0.59063,0.575212,2.029783,0.789045
0.239177,0.630112,0.616741,2.007197,0.69427
0.239177,0.639736,0.636209,1.892548,0.66369
0.239177,0.712282,0.726117,1.774005,0.645793
0.277997,0.712282,0.692465,1.686016,0.63407
0.320463,0.712282,0.71053,1.553113,0.627267
0.277997,0.752903,0.758508,1.513033,0.607511
0.320463,0.782498,0.77396,1.444696,0.533355
0.366128,0.775346,0.774499,1.378591,0.510087
0.320463,0.833764,0.826878,1.340044,0.510087
0.320463,0.815767,0.826878,1.325548,0.510087
0.320463,0.827927,0.81464,1.320741,0.579493
0.464234,0.815767,0.816032,1.313417,0.683856
0.464234,0.796302,0.80321,1.312248,0.757298
0.464234,0.745095,0.760759,1.297718,0.830357
0.414332,0.745095,0.744701,1.20878,0.939033
0.514863,0.760546,0.761319,1.149624,1.028174
0.514863,0.745095,0.729779,1.117084,1.11148
0.514863,0.712282,0.713059,1.093999,1.279692
0.514863,0.745095,0.729779,1.077209,1.364871
0.514863,0.630112,0.640478,1.062956,1.506621
0.661011,0.60063,0.603546,1.051382,1.585354
0.704867,0.580551,0.584223,0.990463,1.661864
0.704867,0.549939,0.563879,0.893573,1.779462
0.704867,0.59063,0.584223,0.890431,1.891881
0.704867,0.60063,0.604283,0.871564,1.948265
0.745235,0.508574,0.502592,0.869134,1.995029
0.781791,0.477442,0.482566,0.906332,2.045256
0.781791,0.446485,0.482566,0.944907,2.096667
0.814409,0.405883,0.421574,1.007133,2.220951
0.814409,0.347462,0.362171,1.061373,2.313792
0.814409,0.328873,0.343178,1.192625,2.347324
0.781791,0.293299,0.323998,1.273612,2.348524
0.814409,0.310809,0.306701,1.412516,2.348524
0.814409,0.24442,0.240775,1.503278,2.347109
0.745235,0.201363,0.210648,1.583971,2.342655
0.704867,0.170023,0.183842,1.692496,2.313554
0.704867,0.137686,0.139029,1.793579,2.24454
0.614206,0.128116,0.119627,1.913144,2.235885
0.565189,0.106654,0.110833,1.959791,2.235166
0.565189,0.102761,0.102894,2.018465,2.179963
0.514863,0.11912,0.127982,2.180204,1.967342
0.239177,0.147847,0.14542,2.220223,1.913584
0.277997,0.158622,0.156475,2.276055,1.86147
0.277997,0.208126,0.192312,2.339654,1.755173
0.204244,0.194766,0.204564,2.3455,1.653331
0.173252,0.222146,0.217912,2.3455,1.477342
0.173252,0.268155,0.263425,2.344875,1.393786
0.239177,0.319775,0.315951,2.326379,1.309517
0.204244,0.366528,0.391104,2.210125,1.211562
0.173252,0.405883,0.410343,2.17364,1.160254
0.239177,0.415932,0.411836,2.1496,1.067429
0.173252,0.477442,0.492576,2.129489,0.922553
0.173252,0.46709,0.513375,2.094705,0.821262
0.173252,0.560197,0.534128,2.026463,0.805161
0.239177,0.649252,0.636209,1.875655,0.765603
0.277997,0.60063,0.597632,1.812771,0.736017
0.239177,0.677075,0.673789,1.75081,0.710571
0.239177,0.677075,0.673789,1.686302,0.67429
0.277997,0.667928,0.674466,1.565797,0.67429
0.277997,0.760546,0.74294,1.504886,0.67429
0.366128,0.737126,0.774499,1.483175,0.68327
0.320463,0.745095,0.759072,1.455941,0.806258
0.366128,0.775346,0.774499,1.441764,0.902104
0.366128,0.728998,0.727952,1.434132,1.012637
0.414332,0.703695,0.711797,1.40363,1.120663
0.414332,0.703695,0.69443,1.302073,1.287488
0.366128,0.658652,0.638347,1.293966,1.470344
0.414332,0.639736,0.639058,1.280059,1.589143
0.565189,0.580551,0.581975,1.252358,1.78704
0.514863,0.539643,0.560845,1.240718,1.896244
0.614206,0.436244,0.458768,1.228349,2.006901
0.565189,0.446485,0.417071,1.180184,2.046935
0.614206,0.395907,0.417821,1.039149,2.078974
0.704867,0.446485,0.439707,0.953721,2.106147
0.781791,0.456771,0.461831,0.886715,2.12924
0.814409,0.436244,0.421574,0.781906,2.136366
0.781791,0.436244,0.441226,0.724278,2.136366
0.843129,0.498195,0.525684,0.722,2.129114
0.814409,0.51895,0.524915,0.722,2.078373
0.814409,0.549939,0.545612,0.7245,2.009622
0.814409,0.580551,0.606492,0.78222,1.902287
0.814409,0.560197,0.566152,0.814963,1.85243
0.781791,0.59063,0.605756,0.831258,1.706549
0.781791,0.580551,0.585719,0.844214,1.541785
0.745235,0.529309,0.544083,0.85386,1.442
0.704867,0.580551,0.543318,0.864822,1.362088
0.704867,0.62038,0.623999,0.916703,1.235984
0.661011,0.639736,0.642605,0.941869,1.178597
0.614206,0.658652,0.66079,0.967632,1.125367
0.661011,0.677075,0.679856,0.97527,1.034645
0.614206,0.712282,0.777179,0.984225,0.784369
0.565189,0.712282,0.696389,1.011954,0.590339
0.565189,0.782498,0.776645,1.095403,0.580082
0.514863,0.802956,0.803697,1.198608,0.56839
0.565189,0.782498,0.790747,1.303093,0.543934
0.514863,0.860591,0.861239,1.372621,0.540462
0.514863,0.920061,0.816494,1.484456,0.564804
0.514863,0.827927,0.828635,1.613676,0.578005
0.414332,0.815767,0.815569,1.740002,0.592796
0.464234,0.809446,0.760759,1.848861,0.64177
0.414332,0.796302,0.802722,1.959021,0.740592
0.320463,0.782498,0.743528,2.021712,0.806477
0.414332,0.782498,0.789213,2.107658,0.850196
0.320463,0.768028,0.759072,2.216968,0.938886
0.366128,0.768028,0.759635,2.319251,1.038712
0.277997,0.658652,0.674466,2.339845,1.145756
0.239177,0.649252,0.655242,2.340389,1.241352
0.173252,0.686086,0.672433,2.353633,1.322788
0.204244,0.62038,0.616012,2.354686,1.429911
0.204244,0.570404,0.575965,2.374185,1.583499
0.239177,0.46709,0.452653,2.351951,1.642084
0.204244,0.415932,0.411089,2.321257,1.891429
0.204244,0.395907,0.411089,2.30999,1.996532
0.173252,0.366528,0.351562,2.267184,2.073513
0.239177,0.276384,0.281129,2.204377,2.105644
0.204244,0.293299,0.280507,2.091875,2.292093
0.277997,0.215054,0.205569,1.967113,2.315909
0.239177,0.182069,0.191834,1.929345,2.339769
0.320463,0.194766,0.180171,1.87576,2.369418
0.414332,0.11912,0.127296,1.646745,2.455836
0.514863,0.110677,0.118979,1.555386,2.458411
0.565189,0.123548,0.119303,1.435886,2.458411
0.661011,0.114832,0.111442,1.386306,2.455414
0.704867,0.137686,0.129364,1.290767,2.441076
0.745235,0.147847,0.149684,1.109541,2.418861
0.781791,0.158622,0.161002,1.016178,2.362932
0.745235,0.222146,0.23965,0.994441,2.304906
0.781791,0.260082,0.271882,0.9897,2.196592
0.814409,0.276384,0.289297,0.97962,2.083328
0.843129,0.328873,0.343873,0.975431,1.963279
0.781791,0.366528,0.380878,0.970032,1.846684
0.814409,0.366528,0.362171,0.92818,1.744169
0.781791,0.415932,0.420822,0.895288,1.610445
0.745235,0.446485,0.461065,0.876072,1.499362
0.745235,0.436244,0.440467,0.875214,1.315975
0.661011,0.539643,0.542554,0.870328,1.181144
0.704867,0.560197,0.563879,0.876949,1.073608
0.614206,0.59063,0.582725,0.885496,0.913571
0.661011,0.62038,0.623276,0.900444,0.759541
0.614206,0.728998,0.730993,0.924249,0.595682
0.704867,0.745095,0.680527,1.006842,0.5695
0.704867,0.745095,0.732203,1.105291,0.565543
0.614206,0.728998,0.730993,1.20251,0.556099
0.565189,0.815767,0.790747,1.29307,0.551407
0.464234,0.839441,0.828197,1.400992,0.538168
0.565189,0.850322,0.851383,1.530905,0.5215
0.514863,0.850322,0.84013,1.646658,0.5215
0.464234,0.839441,0.839716,1.739095,0.5215
0.414332,0.815767,0.815569,1.805625,0.53462
0.414332,0.827927,0.827758,1.884105,0.597967
0.414332,0.789481,0.789213,2.001946,0.630386
0.366128,0.802956,0.802234,2.111659,0.744717
0.320463,0.796302,0.801745,2.22191,0.820834
0.320463,0.782498,0.788185,2.31343,0.920355
0.320463,0.789481,0.77396,2.334329,1.022178
0.277997,0.728998,0.74294,2.344117,1.162384
0.277997,0.694962,0.692465,2.360537,1.279617
0.239177,0.694962,0.691808,2.369861,1.402984
0.204244,0.677075,0.691151,2.372913,1.533778
0.204244,0.649252,0.654545,2.363039,1.646185
0.204244,0.60063,0.596149,2.363039,1.817998
0.239177,0.487813,0.494117,2.362076,1.944187
0.204244,0.446485,0.431373,2.340604,2.058468
0.204244,0.426057,0.411089,2.301089,2.144375
0.204244,0.268155,0.264024,2.286155,2.202068
0.173252,0.24442,0.217912,2.188737,2.337
0.204244,0.175965,0.17881,2.062134,2.508525
0.239177,0.164242,0.167345,2.023812,2.556664
0.277997,0.147847,0.145803,1.968774,2.556833
0.320463,0.14269,0.146187,1.87614,2.556833
0.320463,0.098995,0.10148,1.64838,2.54653
0.320463,0.075916,0.08728,1.476426,2.429293
0.565189,0.088423,0.088516,1.33739,2.324586
0.661011,0.110677,0.111442,1.299442,2.216139
0.661011,0.128116,0.13866,1.305,2.100526
0.704867,0.164242,0.160171,1.305,1.978815
0.704867,0.194766,0.196657,1.305,1.897999
0.704867,0.229406,0.22428,1.329265,1.64413
0.704867,0.252172,0.254554,1.340212,1.534791
0.704867,0.268155,0.270664,1.347427,1.381069
0.745235,0.366528,0.380152,1.351276,1.264086
0.661011,0.347462,0.340404,1.344137,1.158915
0.614206,0.37622,0.377975,1.338104,1.019537
0.514863,0.436244,0.436672,1.33425,0.901485
0.514863,0.498195,0.498739,1.291701,0.799312
0.464234,0.62038,0.600593,1.241451,0.746517
0.514863,0.639736,0.659407,1.179719,0.735467
0.464234,0.694962,0.695084,1.165399,0.727586
0.464234,0.760546,0.760759,1.117599,0.717619
0.464234,0.775346,0.775574,1.074662,0.717619
0.464234,0.789481,0.80321,1.026327,0.72659
0.514863,0.809446,0.803697,1.018799,0.733893
0.464234,0.821928,0.80321,1.013606,0.762875
0.514863,0.860591,0.850993,0.989293,0.854748
0.514863,0.850322,0.84013,0.980157,0.971411
0.514863,0.844958,0.84013,0.978916,1.073062
0.464234,0.827927,0.839716,0.938603,1.195008
0.614206,0.827927,0.829509,0.888159,1.2985
0.514863,0.745095,0.745871,0.848324,1.429689
0.565189,0.745095,0.746455,0.825394,1.537392
0.514863,0.745095,0.729779,0.815222,1.662882
0.614206,0.728998,0.730993,0.801759,1.770819
0.614206,0.677075,0.679185,0.768293,1.859906
0.704867,0.639736,0.66217,0.755431,2.041073
0.704867,0.61055,0.604283,0.752112,2.128236
0.704867,0.59063,0.604283,0.746561,2.190396
0.781791,0.59063,0.585719,0.780492,2.285408
0.781791,0.570404,0.585719,0.899742,2.313914
0.781791,0.570404,0.585719,0.991042,2.357736
0.814409,0.498195,0.524915,1.100324,2.411364
0.814409,0.498195,0.504133,1.19706,2.446452
0.814409,0.456771,0.441986,1.321507,2.453565
0.814409,0.386017,0.401425,1.464066,2.453565
0.868124,0.338105,0.344568,1.583699,2.451495
0.843129,0.356938,0.362883,1.689495,2.430148
0.814409,0.284768,0.289297,1.76789,2.424297
0.814409,0.215054,0.225893,1.892164,2.417034
0.781791,0.188337,0.197633,2.008274,2.40697
0.781791,0.158622,0.150076,2.113157,2.3815
0.745235,0.158622,0.160586,2.155696,2.29851
0.661011,0.106654,0.111442,2.209271,2.166391
0.320463,0.110677,0.109323,2.266482,2.057585
0.320463,0.106654,0.109323,2.329222,1.850704
0.204244,0.164242,0.17881,2.35935,1.720535
0.204244,0.208126,0.191357,2.35935,1.650409
0.173252,0.201363,0.204063,2.356813,1.614357
0.204244,0.236831,0.248175,2.33553,1.579637
0.204244,0.260082,0.248175,2.328622,1.495952
0.239177,0.319775,0.264623,2.304195,1.416315
0.239177,0.356938,0.334204,2.282745,1.325891
0.239177,0.356938,0.352968,2.244676,1.198464
0.173252,0.415932,0.370757,2.209346,1.058472
0.239177,0.446485,0.432129,2.16958,0.933621
0.239177,0.539643,0.556286,2.109995,0.884179
0.239177,0.51895,0.514915,2.049956,0.883143
0.239177,0.529309,0.556286,1.956698,0.872277
0.204244,0.62038,0.616012,1.783137,0.867031
0.277997,0.630112,0.617469,1.650849,0.871944
0.239177,0.60063,0.596891,1.541145,0.919507
0.277997,0.658652,0.655938,1.434947,0.971648
0.277997,0.649252,0.655938,1.388543,0.97972
0.414332,0.658652,0.658021,1.338847,1.071502
0.414332,0.658652,0.658021,1.237796,1.226159
0.464234,0.677075,0.695084,1.138949,1.309933
0.464234,0.712282,0.712428,1.10009,1.318576
0.514863,0.686086,0.677841,1.006887,1.353701
0.565189,0.649252,0.678513,0.897264,1.408261
0.565189,0.60063,0.60207,0.854638,1.455973
0.614206,0.649252,0.641897,0.786704,1.573797
0.661011,0.686086,0.679856,0.772752,1.707711
0.661011,0.639736,0.661481,0.76773,1.795534
0.704867,0.60063,0.604283,0.767204,1.861821
0.704867,0.570404,0.604283,0.770338,1.97254
0.781791,0.62038,0.625444,0.777936,2.068208
0.814409,0.61055,0.606492,0.80227,2.143342
0.745235,0.580551,0.584971,0.859833,2.146719
0.781791,0.549939,0.565394,0.966983,2.146719
0.745235,0.549939,0.564637,1.086074,2.145147
0.814409,0.498195,0.504133,1.123984,2.128028
0.814409,0.426057,0.462597,1.235226,2.117124
0.814409,0.436244,0.441986,1.350705,2.089423
0.745235,0.395907,0.399945,1.464812,2.055895
0.781791,0.356938,0.36146,1.5446,2.042932
0.745235,0.293299,0.288031,1.640523,2.009981
0.745235,0.276384,0.288031,1.716827,1.908604
0.661011,0.260082,0.286769,1.874661,1.762586
0.614206,0.236831,0.237969,1.942488,1.695159
0.565189,0.229406,0.222676,2.05699,1.682342
0.464234,0.222146,0.221611,2.0655,1.674725
0.464234,0.236831,0.236296,2.07375,1.666793
0.366128,0.222146,0.220549,2.07446,1.657352
0.277997,0.215054,0.219492,2.041075,1.656379
0.239177,0.268155,0.264623,2.020782,1.580876
0.239177,0.268155,0.264623,1.991386,1.517
0.320463,0.284768,0.282377,1.977858,1.517
0.239177,0.276384,0.281129,1.97321,1.51675
0.277997,0.319775,0.316618,1.92935,1.495863
0.277997,0.328873,0.316618,1.837491,1.454593
0.320463,0.338105,0.335577,1.718969,1.401474
0.320463,0.415932,0.433642,1.533384,1.404856
0.320463,0.395907,0.413329,1.434327,1.400835
0.320463,0.446485,0.45418,1.311701,1.398202
0.414332,0.498195,0.497198,1.1798,1.395788
0.414332,0.51895,0.517994,1.119237,1.387061
0.366128,0.549939,0.618924,1.0855,1.311238
0.514863,0.60063,0.601332,1.045546,1.254146
0.614206,0.639736,0.641897,0.970597,1.214766
0.614206,0.639736,0.641897,0.937189,1.162656
0.565189,0.630112,0.641188,0.937189,1.087474
0.614206,0.712282,0.69704,0.937189,1.052692
0.614206,0.752903,0.762437,0.958122,1.000955
0.614206,0.728998,0.714319,1.005685,0.932629
0.614206,0.728998,0.730993,1.066603,0.873749
0.565189,0.728998,0.746455,1.121605,0.803106
0.565189,0.737126,0.730386,1.208325,0.682581
0.661011,0.809446,0.805151,1.276952,0.648351
0.565189,0.745095,0.746455,1.367985,0.643477
0.464234,0.815767,0.789725,1.520645,0.641679
0.366128,0.789481,0.802234,1.61679,0.642553
0.464234,0.775346,0.775574,1.725721,0.647813
0.366128,0.752903,0.711164,1.883981,0.663636
0.320463,0.720715,0.727341,2.01567,0.688816
0.320463,0.677075,0.693121,2.096592,0.718863
0.239177,0.677075,0.673789,2.117942,0.817316
0.277997,0.677075,0.674466,2.204975,0.919477
0.239177,0.677075,0.673789,2.298449,1.03554
0.204244,0.560197,0.534895,2.366346,1.180337
0.239177,0.529309,0.514915,2.404617,1.324144
0.173252,0.46709,0.471802,2.406199,1.477368
0.204244,0.386017,0.371476,2.406199,1.594222
0.173252,0.356938,0.332834,2.384818,1.799226
0.173252,0.356938,0.332834,2.361962,1.841118
0.173252,0.252172,0.263425,2.323018,1.869204
0.204244,0.268155,0.264024,2.258842,1.885685
0.204244,0.236831,0.232976,2.208267,1.92439
0.277997,0.222146,0.219492,2.174917,2.118519
0.239177,0.137686,0.14542,2.102836,2.186985
0.277997,0.132828,0.126272,1.855207,2.311913
0.366128,0.123548,0.118014,1.765807,2.350554
0.414332,0.11912,0.118335,1.683992,2.381618
0.464234,0.11912,0.118657,1.611203,2.414192
0.704867,0.158622,0.160171,1.545713,2.454568
0.781791,0.194766,0.197633,1.455549,2.481215
0.781791,0.215054,0.211161,1.302713,2.489836
0.781791,0.268155,0.271882,1.195845,2.489836
0.814409,0.252172,0.256312,1.164539,2.489836
0.814409,0.284768,0.289297,1.050886,2.474099
0.843129,0.319775,0.343873,0.940958,2.431832
0.814409,0.386017,0.381605,0.815023,2.40673
0.814409,0.366528,0.381605,0.750969,2.318606
0.814409,0.426057,0.441986,0.718936,2.206553
0.814409,0.436244,0.462597,0.706639,2.103332
0.814409,0.456771,0.462597,0.698871,2.036395
0.814409,0.549939,0.566152,0.677101,1.90822
0.781791,0.529309,0.565394,0.676701,1.786346
0.781791,0.580551,0.585719,0.676701,1.672125
0.745235,0.570404,0.584971,0.676701,1.463649
0.781791,0.677075,0.681865,0.676701,1.392184
0.704867,0.686086,0.680527,0.692164,1.338736
0.704867,0.677075,0.680527,0.749056,1.283009
0.661011,0.745095,0.731598,0.802408,1.207709
0.704867,0.694962,0.69834,0.842993,1.149976
0.661011,0.703695,0.714947,0.931064,0.862439
0.614206,0.752903,0.777179,1.059364,0.709129
0.565189,0.760546,0.776645,1.125404,0.636848
0.565189,0.760546,0.761879,1.210903,0.626625
0.614206,0.775346,0.762437,1.259797,0.616654
0.565189,0.802956,0.816955,1.341284,0.605396
0.514863,0.815767,0.84013,1.422769,0.6055
0.414332,0.833764,0.827758,1.493383,0.601456
0.366128,0.815767,0.802234,1.616282,0.587889
0.366128,0.782498,0.802234,1.790169,0.587889
0.366128,0.728998,0.744115,1.908337,0.591836
0.320463,0.728998,0.71053,1.99604,0.644702
0.366128,0.760546,0.759635,2.067158,0.712753
0.277997,0.737126,0.726729,2.132191,0.851562
0.239177,0.737126,0.726117,2.241659,0.926101
0.277997,0.703695,0.692465,2.328831,0.999409
0.239177,0.677075,0.673789,2.344585,1.087665
0.204244,0.658652,0.654545,2.363332,1.210563
0.204244,0.658652,0.635496,2.383767,1.314141
0.239177,0.62038,0.596891,2.370714,1.410073
0.173252,0.62038,0.595407,2.384294,1.460016
0.204244,0.508574,0.514145,2.385871,1.743178
0.173252,0.487813,0.492576,2.38005,1.874486
0.204244,0.395907,0.411089,2.353917,1.949428
0.173252,0.426057,0.410343,2.276875,2.003378
0.146099,0.356938,0.313956,2.1509,2.056647
0.204244,0.229406,0.218437,2.012472,2.229255
0.239177,0.215054,0.24875,1.918154,2.28761
0.239177,0.182069,0.233527,1.886467,2.330625
0.204244,0.164242,0.166916,1.855043,2.393924
0.614206,0.175965,0.170809,1.78308,2.40687
0.745235,0.194766,0.197145,1.599447,2.40687
0.745235,0.188337,0.197145,1.440829,2.404766
0.781791,0.276384,0.271882,1.32728,2.392606
0.745235,0.310809,0.305392,1.264416,2.384825
0.781791,0.319775,0.323998,1.179958,2.348957
0.781791,0.386017,0.380878,0.9945,2.308211
0.781791,0.415932,0.420822,0.943068,2.243268
0.814409,0.477442,0.462597,0.940077,2.130605
0.781791,0.477442,0.482566,0.933311,1.985443
0.781791,0.487813,0.503362,0.918553,1.851393
0.745235,0.498195,0.502592,0.890419,1.74264
0.704867,0.539643,0.563879,0.874555,1.653422
0.661011,0.62038,0.623276,0.863817,1.504327
0.661011,0.62038,0.642605,0.863817,1.426651
0.704867,0.737126,0.748201,0.873282,1.22581
0.565189,0.760546,0.746455,0.94999,1.055977
0.514863,0.752903,0.745871,0.983875,0.958859
0.565189,0.768028,0.761879,0.986805,0.852187
0.514863,0.802956,0.803697,1.001084,0.694933
0.464234,0.827927,0.828197,1.047951,0.663102
0.464234,0.833764,0.828197,1.124769,0.663102
0.414332,0.809446,0.815569,1.212074,0.663102
0.514863,0.802956,0.803697,1.362855,0.671632
0.464234,0.775346,0.789725,1.480139,0.690625
0.414332,0.768028,0.760197,1.606017,0.695549
0.414332,0.720715,0.728562,1.732383,0.703331
0.366128,0.703695,0.711164,1.853029,0.71047
0.366128,0.703695,0.693776,1.96475,0.737707
0.277997,0.694962,0.692465,1.985812,0.942413
0.277997,0.639736,0.655938,2.009159,1.14603
0.277997,0.667928,0.655938,2.033291,1.244806
0.277997,0.529309,0.536428,2.102389,1.290691
0.277997,0.508574,0.515685,2.159066,1.472519
0.204244,0.456771,0.451889,2.211669,1.622064
0.204244,0.395907,0.371476,2.211297,1.726147
0.239177,0.347462,0.352968,2.1643,1.804745
0.239177,0.347462,0.352968,2.12725,1.875721
0.239177,0.276384,0.264623,2.094183,2.013163
0.320463,0.215054,0.22002,2.054037,2.063798
0.239177,0.194766,0.191834,2.009436,2.148662
0.277997,0.194766,0.192312,1.98425,2.266738
0.614206,0.123548,0.119627,1.923861,2.307093
0.661011,0.137686,0.148901,1.765282,2.32504
0.704867,0.14269,0.149292,1.532592,2.354769
0.745235,0.158622,0.160586,1.439773,2.386331
0.781791,0.175965,0.184769,1.388512,2.386331
0.781791,0.229406,0.240212,1.348978,2.386331
0.781791,0.293299,0.288664,1.28106,2.366102
0.781791,0.293299,0.288664,1.105769,2.290503
0.814409,0.310809,0.343178,1.047488,2.159475
0.781791,0.366528,0.380878,1.016116,1.9833
0.781791,0.405883,0.420822,0.976737,1.860319
0.745235,0.46709,0.461065,0.949286,1.74925
0.704867,0.436244,0.439707,0.915086,1.646701
0.704867,0.487813,0.501821,0.90325,1.544898
0.661011,0.508574,0.542554,0.904,1.454772
0.661011,0.549939,0.542554,0.904,1.305018
0.661011,0.658652,0.661481,0.938507,1.177693
0.661011,0.694962,0.69769,0.99306,1.055646
0.661011,0.677075,0.679856,1.016225,0.927894
0.614206,0.745095,0.730993,1.04225,0.839698
0.565189,0.728998,0.730386,1.068921,0.734743
0.661011,0.815767,0.805151,1.115834,0.653208
0.565189,0.815767,0.804182,1.197253,0.6485
0.464234,0.815767,0.80321,1.259725,0.6485
0.514863,0.802956,0.803697,1.350459,0.653083
0.414332,0.827927,0.827758,1.433728,0.671979
0.366128,0.802956,0.815105,1.539002,0.69962
0.414332,0.775346,0.775037,1.646596,0.725033
0.414332,0.728998,0.744701,1.765978,0.741384
0.366128,0.703695,0.711164,1.857101,0.80885
0.320463,0.677075,0.693121,1.909612,0.90721
0.320463,0.667928,0.637635,1.956144,0.992012
0.320463,0.60063,0.578222,2.009362,1.084982
0.414332,0.570404,0.579724,2.165977,1.13875
0.277997,0.456771,0.432885,2.234783,1.236213
0.239177,0.436244,0.452653,2.261968,1.326952
0.204244,0.386017,0.391104,2.261968,1.331618
0.239177,0.386017,0.372196,2.234051,1.335897
0.277997,0.37622,0.372917,2.131854,1.375154
0.277997,0.395907,0.392572,2.034347,1.413253
0.277997,0.446485,0.432885,1.910016,1.469126
0.239177,0.426057,0.432129,1.821719,1.477339
0.173252,0.415932,0.410343,1.717098,1.520685
0.366128,0.639736,0.618924,1.663511,1.545833
0.464234,0.395907,0.395516,1.535174,1.558325
0.565189,0.477442,0.47872,1.364374,1.585182
0.565189,0.498195,0.47872,1.179838,1.598564
0.661011,0.570404,0.583474,1.079673,1.611655
0.661011,0.60063,0.583474,1.02254,1.618911
0.661011,0.560197,0.563121,0.9448,1.684629
0.745235,0.60063,0.624722,0.917877,1.74019
0.781791,0.639736,0.644725,0.852199,1.802882
0.781791,0.62038,0.625444,0.760244,1.889339
0.745235,0.61055,0.624722,0.691157,2.000663
0.745235,0.62038,0.60502,0.688029,2.061404
0.814409,0.62038,0.626166,0.688029,2.124749
0.814409,0.61055,0.626166,0.706389,2.150106
0.814409,0.570404,0.626166,0.787987,2.159745
0.814409,0.60063,0.606492,0.855719,2.186301
0.814409,0.498195,0.524915,0.91209,2.244454
0.814409,0.508574,0.483336,0.980294,2.310233
0.814409,0.446485,0.441986,1.078148,2.360601
0.814409,0.366528,0.381605,1.193673,2.368652
0.814409,0.37622,0.381605,1.337162,2.368652
0.781791,0.328873,0.323998,1.452366,2.371196
0.814409,0.268155,0.289297,1.557628,2.37537
0.781791,0.24442,0.225354,1.665744,2.370495
0.781791,0.215054,0.225354,1.76981,2.34841
0.814409,0.170023,0.173002,1.864338,2.285559
0.614206,0.128116,0.128672,1.932761,2.275
0.614206,0.114832,0.111137,1.969625,2.25725
0.565189,0.11912,0.128327,2.00344,2.179243
0.320463,0.11912,0.126613,2.083285,2.059899
0.320463,0.128116,0.126613,2.209,1.9373
0.277997,0.158622,0.156475,2.251625,1.841
0.277997,0.194766,0.179717,2.317859,1.724896
0.239177,0.208126,0.205066,2.320574,1.660418
0.239177,0.229406,0.218964,2.316824,1.603678
0.204244,0.268155,0.264024,2.313788,1.475097
0.204244,0.319775,0.297604,2.292774,1.393081
0.239177,0.338105,0.334204,2.264624,1.303906
0.277997,0.328873,0.33489,2.137823,1.10989
0.173252,0.46709,0.451126,2.113397,0.995981
0.173252,0.508574,0.513375,2.021426,0.944621
0.204244,0.59063,0.514145,1.951661,0.91685
0.173252,0.630112,0.634782,1.88141,0.896257
0.204244,0.62038,0.616012,1.831699,0.860869
0.277997,0.639736,0.636922,1.739512,0.810086
0.277997,0.639736,0.636922,1.672186,0.739774
0.277997,0.694962,0.709896,1.556765,0.736326
0.277997,0.745095,0.709896,1.447777,0.736326
0.366128,0.737126,0.744115,1.401483,0.739137
0.320463,0.745095,0.743528,1.324575,0.803442
0.320463,0.782498,0.77396,1.289436,0.908593
0.414332,0.737126,0.728562,1.265919,0.99534
0.464234,0.737126,0.677167,1.226915,1.046867
0.414332,0.694962,0.676493,1.149485,1.113782
0.464234,0.658652,0.677167,1.061112,1.184794
0.464234,0.694962,0.695084,1.011047,1.218747
0.414332,0.796302,0.827758,0.957625,1.317314
0.565189,0.686086,0.696389,0.952,1.421151
0.565189,0.658652,0.641188,0.940203,1.521034
0.614206,0.658652,0.641897,0.927159,1.620277
0.614206,0.60063,0.622552,0.915918,1.701676
0.704867,0.658652,0.66217,0.903712,1.753219
0.745235,0.630112,0.644019,0.90948,1.852122
0.661011,0.60063,0.603546,0.913,1.936453
0.745235,0.60063,0.60502,0.913,2.000789
0.745235,0.580551,0.60502,0.92683,2.044993
0.745235,0.60063,0.60502,1.034326,2.074282
0.745235,0.560197,0.564637,1.123543,2.094264
0.781791,0.560197,0.565394,1.188225,2.127768
0.781791,0.539643,0.544847,1.281125,2.179673
0.781791,0.51895,0.503362,1.353554,2.1991
0.745235,0.405883,0.420071,1.43011,2.206426
0.781791,0.356938,0.380878,1.502252,2.221655
0.745235,0.328873,0.323323,1.635054,2.215723
0.781791,0.293299,0.306046,1.808578,2.2015
0.745235,0.260082,0.255139,1.893672,2.19605
0.745235,0.215054,0.224817,2.085245,2.165911
0.661011,0.182069,0.18338,2.174275,2.126022
0.661011,0.182069,0.18338,2.253155,2.092836
0.614206,0.170023,0.170809,2.257,2.037687
0.514863,0.170023,0.15852,2.260327,1.930335
0.464234,0.132828,0.137195,2.310445,1.7699
0.277997,0.106654,0.1012,2.365197,1.73425
0.204244,0.153157,0.125594,2.390346,1.680688
0.239177,0.222146,0.218964,2.42075,1.562823
0.277997,0.252172,0.234079,2.424,1.419821
0.239177,0.260082,0.264623,2.424375,1.182985
0.239177,0.310809,0.298248,2.428063,1.103871
0.204244,0.328873,0.352265,2.372554,1.063051
0.204244,0.347462,0.352265,2.28049,1.037464
0.146099,0.436244,0.429862,2.26588,0.987571
0.204244,0.51895,0.493346,2.24136,0.883907
0.204244,0.51895,0.493346,2.2197,0.718593
0.204244,0.549939,0.534895,2.214973,0.652113
0.239177,0.570404,0.556286,2.115598,0.650932
0.204244,0.61055,0.616012,1.977118,0.645075
0.239177,0.639736,0.636209,1.909123,0.639337
0.204244,0.677075,0.673111,1.79325,0.639337
0.204244,0.677075,0.673111,1.715724,0.631307
0.204244,0.737126,0.691151,1.587459,0.619905
0.239177,0.782498,0.787154,1.500482,0.618424
0.204244,0.737126,0.741761,1.384,0.618424
0.239177,0.712282,0.726117,1.306431,0.618942
0.320463,0.745095,0.71053,1.271191,0.681522
0.320463,0.752903,0.743528,1.207154,0.797254
0.320463,0.768028,0.77396,1.159202,0.888644
0.414332,0.850322,0.839301,1.081265,0.938288
0.414332,0.821928,0.815569,1.069,0.972201
0.464234,0.815767,0.816032,1.041295,1.054122
0.414332,0.737126,0.728562,0.955505,1.164434
0.514863,0.775346,0.77611,0.898015,1.371024
0.565189,0.760546,0.776645,0.852746,1.50225
0.514863,0.760546,0.761319,0.789273,1.591137
0.565189,0.768028,0.776645,0.750032,1.66965
0.614206,0.728998,0.747038,0.746063,1.76983
0.661011,0.728998,0.731598,0.746063,1.8957
0.745235,0.694962,0.698989,0.746063,1.991193
0.745235,0.694962,0.698989,0.766893,2.093912
0.745235,0.677075,0.681196,0.816948,2.125863
0.745235,0.658652,0.662859,0.876467,2.16084
0.745235,0.639736,0.644019,0.917981,2.243336
0.781791,0.62038,0.625444,0.955912,2.338694
0.745235,0.61055,0.624722,1.018587,2.361081
0.814409,0.539643,0.545612,1.160385,2.361081
0.745235,0.539643,0.523378,1.29459,2.361081
0.781791,0.51895,0.544847,1.345989,2.352737
0.781791,0.529309,0.544847,1.421581,2.2585
0.843129,0.405883,0.402166,1.550326,2.165055
0.843129,0.395907,0.422325,1.671898,2.148577
0.814409,0.386017,0.381605,1.788436,2.133698
0.814409,0.310809,0.306701,1.84009,2.113641
0.745235,0.328873,0.34179,1.929803,1.991447
0.745235,0.252172,0.255139,2.044134,1.802927
0.814409,0.201363,0.211675,2.09595,1.719738
0.704867,0.188337,0.196657,2.151357,1.6895
0.464234,0.194766,0.194234,2.332413,1.638584
0.414332,0.158622,0.16907,2.410418,1.535216
0.414332,0.201363,0.16907,2.417359,1.436784
0.414332,0.182069,0.181084,2.417359,1.319121
0.366128,0.182069,0.180627,2.383272,1.210444
0.239177,0.301982,0.315951,2.307247,1.115567
0.239177,0.293299,0.298248,2.296966,0.975495
0.204244,0.301982,0.280507,2.276795,0.879837
0.204244,0.366528,0.391104,2.264862,0.810966
0.204244,0.415932,0.411089,2.213741,0.755842
0.239177,0.446485,0.452653,2.16329,0.70919
0.204244,0.51895,0.514145,2.002702,0.676425
0.173252,0.549939,0.554764,1.870769,0.63775
0.173252,0.580551,0.575212,1.773734,0.597134
0.204244,0.61055,0.616012,1.702464,0.573783
0.204244,0.61055,0.616012,1.623194,0.57487
0.204244,0.658652,0.635496,1.517371,0.578255
0.204244,0.630112,0.635496,1.386599,0.578934
0.204244,0.677075,0.691151,1.310095,0.588195
0.239177,0.745095,0.726117,1.253374,0.599092
0.277997,0.720715,0.709896,1.148795,0.63901
0.320463,0.745095,0.743528,1.122096,0.736689
0.366128,0.768028,0.774499,1.096117,0.792678
0.277997,0.768028,0.773421,1.093731,0.840758
0.414332,0.815767,0.815569,1.085312,0.923142
0.366128,0.809446,0.802234,1.083595,0.985131
0.514863,0.815767,0.828635,1.073649,1.063212
0.464234,0.827927,0.828197,1.056737,1.202724
0.464234,0.821928,0.828197,0.980662,1.350308
0.464234,0.827927,0.80321,0.929954,1.495408
0.464234,0.802956,0.789725,0.903064,1.598012
0.514863,0.760546,0.761319,0.883249,1.724237
0.414332,0.789481,0.775037,0.856952,1.859066
0.704867,0.712282,0.732203,0.788099,1.970652
0.614206,0.639736,0.622552,0.773004,2.07521
0.661011,0.59063,0.603546,0.773004,2.169684
0.661011,0.539643,0.542554,0.773004,2.215986
0.745235,0.539643,0.544083,0.801867,2.227576
0.745235,0.570404,0.584971,0.878105,2.235388
0.781791,0.580551,0.585719,0.939783,2.252517
0.814409,0.580551,0.566152,0.999661,2.289548
0.814409,0.560197,0.586467,1.073092,2.333056
0.781791,0.580551,0.585719,1.16913,2.333932
0.814409,0.46709,0.462597,1.26491,2.333932
0.814409,0.456771,0.462597,1.356248,2.342949
0.814409,0.415932,0.421574,1.428872,2.303828
0.814409,0.37622,0.362171,1.516157,2.251412
0.814409,0.386017,0.381605,1.618777,2.21314
0.814409,0.328873,0.343178,1.741526,2.187895
0.843129,0.24442,0.2569,1.865446,2.153715
0.814409,0.24442,0.256312,1.989431,2.139257
0.814409,0.215054,0.225893,2.030729,2.113211
0.814409,0.208126,0.211675,2.127325,2.065611
0.661011,0.137686,0.13866,2.205923,1.920576
0.614206,0.147847,0.128672,2.215259,1.745174
0.565189,0.147847,0.148121,2.229044,1.612
0.277997,0.158622,0.167775,2.237267,1.590497
0.366128,0.188337,0.146573,2.336052,1.495919
0.204244,0.252172,0.248175,2.348954,1.279488
0.239177,0.24442,0.264623,2.348954,1.251603
0.204244,0.284768,0.280507,2.334194,1.2347
0.173252,0.347462,0.332834,2.285417,1.1952
0.239177,0.347462,0.334204,2.230133,1.146469
0.204244,0.405883,0.391104,2.053688,1.110905
0.239177,0.366528,0.372196,2.016876,1.106031
0.204244,0.395907,0.411089,2.000697,1.105541
0.277997,0.456771,0.453416,1.864464,1.105541
0.239177,0.508574,0.556286,1.68735,1.105541
0.239177,0.529309,0.514915,1.585646,1.104156
0.173252,0.570404,0.554764,1.489844,1.097966
0.239177,0.667928,0.673789,1.431975,1.062198
0.366128,0.60063,0.599113,1.374487,1.034347
0.414332,0.639736,0.639058,1.266697,1.033947
0.464234,0.630112,0.620377,1.171221,1.033947
0.464234,0.658652,0.639768,1.107151,1.036425
0.414332,0.728998,0.744701,1.041967,1.110093
0.464234,0.789481,0.677167,0.961028,1.21878
0.514863,0.677075,0.695737,0.872667,1.322075
0.514863,0.694962,0.695737,0.778359,1.381484
0.614206,0.649252,0.66079,0.699862,1.43499
0.565189,0.658652,0.660099,0.673988,1.559423
0.565189,0.667928,0.678513,0.652529,1.638497
0.661011,0.720715,0.731598,0.640302,1.745067
0.704867,0.720715,0.732203,0.623422,1.909266
0.704867,0.703695,0.715575,0.620504,2.031185
0.781791,0.667928,0.681865,0.618594,2.107143
0.781791,0.667928,0.663548,0.621777,2.156675
0.745235,0.686086,0.698989,0.633753,2.187493
0.814409,0.60063,0.606492,0.739736,2.203489
0.814409,0.62038,0.626166,0.871251,2.210512
0.814409,0.658652,0.586467,0.928033,2.222704
0.843129,0.570404,0.587214,1.013632,2.23221
0.843129,0.580551,0.587214,1.104039,2.275794
0.814409,0.570404,0.566152,1.200058,2.307129
0.781791,0.498195,0.503362,1.319786,2.312145
0.814409,0.456771,0.462597,1.458186,2.313016
0.814409,0.405883,0.441986,1.546037,2.311137
0.814409,0.426057,0.421574,1.618704,2.306271
0.781791,0.405883,0.400685,1.738698,2.296891
0.745235,0.386017,0.380152,1.838124,2.287204
0.814409,0.252172,0.256312,1.917243,2.245948
0.843129,0.229406,0.241339,2.00025,2.16782
0.704867,0.182069,0.183842,2.009,2.066644
0.514863,0.182069,0.169937,2.010447,1.94524
0.414332,0.147847,0.146958,2.057011,1.756504
0.414332,0.132828,0.13683,2.068271,1.694849
0.366128,0.147847,0.146573,2.066234,1.555618
0.320463,0.170023,0.180171,2.062771,1.29836
0.320463,0.215054,0.22002,2.062771,1.157015
0.277997,0.356938,0.353672,2.064498,0.998995
0.366128,0.310809,0.317953,2.076658,0.944152
0.277997,0.415932,0.432885,2.079,0.889805
0.277997,0.415932,0.412582,2.079,0.808948
0.277997,0.456771,0.453416,2.107995,0.682411
0.204244,0.560197,0.514145,2.198011,0.575318
0.239177,0.62038,0.616741,2.218518,0.575318
0.239177,0.62038,0.616741,2.243418,0.575318
0.239177,0.667928,0.655242,2.254569,0.599087
0.204244,0.639736,0.616012,2.2595,0.65576
0.239177,0.694962,0.709261,2.263129,0.754836
0.239177,0.694962,0.709261,2.328556,0.906682
0.239177,0.712282,0.709261,2.4246,1.002692
0.277997,0.658652,0.655938,2.45754,1.06252
0.204244,0.639736,0.635496,2.461575,1.129337
0.173252,0.639736,0.653848,2.4665,1.263219
0.204244,0.60063,0.596149,2.456088,1.398121
0.204244,0.570404,0.575965,2.447941,1.528464
0.173252,0.549939,0.554764,2.427738,1.684121
0.146099,0.508574,0.491806,2.418132,1.808046
0.204244,0.508574,0.493346,2.405614,1.893648
0.239177,0.446485,0.391838,2.388379,1.920489
0.204244,0.347462,0.333519,2.300845,1.99244
0.173252,0.347462,0.332834,2.215336,2.094134
0.239177,0.284768,0.298248,2.026174,2.278725
0.204244,0.293299,0.297604,1.862301,2.428503
0.146099,0.188337,0.190405,1.769786,2.456573
0.173252,0.182069,0.178358,1.657707,2.474521
0.704867,0.137686,0.139029,1.593192,2.474571
0.704867,0.123548,0.120278,1.438375,2.474571
0.781791,0.215054,0.211161,1.343071,2.46066
0.814409,0.222146,0.225893,1.246941,2.452825
0.814409,0.268155,0.289297,1.110542,2.443173
0.781791,0.260082,0.271882,1.073245,2.386346
0.814409,0.310809,0.306701,1.054629,2.297201
0.843129,0.436244,0.442746,1.022534,2.168925
0.814409,0.405883,0.421574,1.003928,2.046195
0.781791,0.366528,0.400685,1.002503,1.932499
0.745235,0.446485,0.461065,0.983637,1.828567
0.745235,0.498195,0.523378,0.948,1.741762
0.704867,0.51895,0.522609,0.948,1.644276
0.704867,0.539643,0.522609,0.948,1.53168
0.745235,0.639736,0.644019,0.950402,1.449589
0.661011,0.62038,0.603546,0.985581,1.367718
0.614206,0.649252,0.641897,1.018648,1.213324
0.614206,0.677075,0.679185,1.034841,1.073698
0.565189,0.658652,0.678513,1.050026,0.841121
0.565189,0.694962,0.696389,1.068774,0.713833
0.514863,0.745095,0.745871,1.106374,0.656931
0.514863,0.760546,0.761319,1.19016,0.643075
0.464234,0.768028,0.80321,1.269867,0.642367
0.514863,0.775346,0.77611,1.345403,0.643167
0.514863,0.839441,0.84013,1.435423,0.64484
0.414332,0.775346,0.760197,1.536413,0.671991
0.414332,0.760546,0.744701,1.585508,0.710627
0.414332,0.760546,0.744701,1.615155,0.775868
0.366128,0.775346,0.774499,1.627263,0.850935
0.366128,0.768028,0.759635,1.643419,0.903665
0.414332,0.760546,0.760197,1.658159,1.001225
0.320463,0.752903,0.759072,1.667475,1.173393
0.320463,0.658652,0.656633,1.667372,1.406375
0.277997,0.639736,0.636922,1.666141,1.453745
0.514863,0.529309,0.519532,1.666141,1.517664
0.464234,0.487813,0.539492,1.633914,1.613142
0.414332,0.456771,0.455709,1.582408,1.709352
0.414332,0.436244,0.435157,1.552336,1.811542
0.464234,0.415932,0.415573,1.551533,1.933664
0.514863,0.395907,0.376527,1.551533,2.017426
0.565189,0.356938,0.357911,1.557124,2.121432
0.614206,0.301982,0.303434,1.568576,2.193563
0.614206,0.319775,0.339713,1.587754,2.256507
0.565189,0.293299,0.28551,1.603763,2.266173
0.661011,0.24442,0.253969,1.638897,2.266173
0.704867,0.236831,0.239089,1.680895,2.267462
0.814409,0.170023,0.185233,1.755177,2.266691
0.745235,0.14269,0.149684,1.803844,2.261866
0.565189,0.158622,0.158931,1.848367,2.248725
0.514863,0.137686,0.147733,1.898442,2.22214
0.414332,0.11912,0.118335,1.981167,2.207706
0.239177,0.137686,0.135381,2.095014,2.153657
0.239177,0.137686,0.135381,2.223029,1.969625
0.173252,0.14269,0.144655,2.232792,1.842262
0.173252,0.188337,0.144655,2.274477,1.78704
0.204244,0.215054,0.218437,2.298092,1.667802
0.204244,0.310809,0.297604,2.29992,1.528879
0.204244,0.293299,0.280507,2.297352,1.455351
0.239177,0.356938,0.352968,2.286374,1.251827
0.204244,0.386017,0.371476,2.283405,1.178283
0.204244,0.436244,0.431373,2.2935,1.099734
0.173252,0.426057,0.430617,2.271526,1.027625
0.204244,0.436244,0.431373,2.241453,1.000006
0.239177,0.529309,0.514915,2.227302,0.897044
0.239177,0.570404,0.556286,2.185297,0.777533
0.239177,0.60063,0.596891,2.138154,0.614245
0.204244,0.703695,0.691151,2.112373,0.603433
0.239177,0.720715,0.709261,1.967681,0.580375
0.173252,0.649252,0.653848,1.858494,0.570083
0.204244,0.775346,0.786638,1.767265,0.562177
0.277997,0.760546,0.758508,1.679067,0.563832
0.320463,0.745095,0.743528,1.564687,0.568794
0.277997,0.796302,0.758508,1.46462,0.568794
0.366128,0.782498,0.788699,1.392324,0.568956
0.320463,0.815767,0.81464,1.30412,0.580722
0.414332,0.789481,0.775037,1.227493,0.614927
0.414332,0.815767,0.815569,1.143707,0.672642
0.464234,0.789481,0.789725,1.068595,0.733204
0.514863,0.860591,0.84013,0.993684,0.781504
0.565189,0.839441,0.851383,0.928048,0.827963
0.565189,0.855532,0.851383,0.86197,0.91354
0.514863,0.839441,0.84013,0.847486,0.999552
0.565189,0.827927,0.829072,0.83239,1.136591
0.614206,0.815767,0.817416,0.806875,1.267865
0.661011,0.796302,0.791765,0.791004,1.316054
0.661011,0.802956,0.762995,0.757765,1.402969
0.661011,0.752903,0.762995,0.75055,1.529528
0.661011,0.768028,0.762995,0.748746,1.643347
0.661011,0.728998,0.731598,0.752296,1.676218
0.704867,0.694962,0.715575,0.842553,1.682096
0.704867,0.703695,0.715575,0.963497,1.70272
0.704867,0.694962,0.715575,1.084591,1.771895
0.704867,0.677075,0.66217,1.220373,1.866549
0.704867,0.639736,0.643312,1.26536,1.915525
0.704867,0.549939,0.563879,1.306196,1.943859
0.704867,0.508574,0.501821,1.437055,1.950094
0.661011,0.549939,0.563121,1.571526,1.953209
0.704867,0.415932,0.399206,1.681805,1.98034
0.745235,0.328873,0.34179,1.760595,2.025178
0.514863,0.276384,0.284882,1.795718,2.103177
0.565189,0.236831,0.237411,1.872633,2.123468
0.414332,0.208126,0.207083,1.958709,2.138997
0.464234,0.170023,0.169503,1.989262,2.166744
0.320463,0.153157,0.156882,2.053947,2.167994
0.239177,0.137686,0.135381,2.123419,2.12451
0.239177,0.147847,0.135381,2.194223,2.068163
0.239177,0.158622,0.125933,2.19381,1.976164
0.239177,0.170023,0.167345,2.090964,1.864642
0.239177,0.170023,0.179263,2.035064,1.74948
0.320463,0.215054,0.234632,1.993197,1.680156
0.320463,0.208126,0.22002,1.952644,1.629291
0.277997,0.229406,0.249326,1.922658,1.580834
0.320463,0.276384,0.282377,1.854967,1.437843
0.366128,0.338105,0.336265,1.822128,1.290037
0.320463,0.405883,0.393308,1.792205,1.231625
0.277997,0.487813,0.494887,1.747246,1.149298
0.239177,0.487813,0.473339,1.68778,1.096273
0.320463,0.498195,0.495658,1.641393,1.039381
0.320463,0.570404,0.618197,1.50185,0.955341
0.320463,0.658652,0.675143,1.431648,0.913446
0.320463,0.667928,0.675143,1.348119,0.897847
0.366128,0.677075,0.675818,1.296067,0.897847
0.414332,0.677075,0.676493,1.170481,0.897847
0.366128,0.752903,0.744115,1.11468,0.918
0.366128,0.712282,0.727952,1.057094,0.958257
0.464234,0.815767,0.80321,0.962103,1.043489
0.514863,0.802956,0.803697,0.883317,1.131978
0.614206,0.768028,0.817416,0.808762,1.187872
0.565189,0.728998,0.71369,0.8044,1.228341
0.614206,0.745095,0.730993,0.806,1.283362
0.661011,0.760546,0.777712,0.806521,1.399017
0.704867,0.802956,0.805634,0.835448,1.487389
0.661011,0.789481,0.777712,0.851949,1.564434
0.661011,0.760546,0.762995,0.86307,1.677607
0.661011,0.745095,0.731598,0.872373,1.795601
0.614206,0.703695,0.714319,0.881665,1.906831
0.661011,0.694962,0.679856,0.89065,1.987365
0.661011,0.639736,0.642605,0.977002,2.067429
0.704867,0.59063,0.604283,1.068207,2.13343
0.745235,0.529309,0.523378,1.163425,2.205428
0.704867,0.508574,0.501821,1.284056,2.301891
0.745235,0.426057,0.420071,1.349428,2.383637
0.781791,0.37622,0.380878,1.424255,2.416
0.781791,0.347462,0.36146,1.535648,2.416
0.781791,0.328873,0.342483,1.653859,2.416
0.781791,0.301982,0.306046,1.748391,2.336714
0.781791,0.222146,0.225354,1.814476,2.259693
0.814409,0.222146,0.211675,1.906741,2.231754
0.814409,0.24442,0.173002,2.000333,2.21552
0.661011,0.153157,0.148901,2.056756,2.187531
0.614206,0.128116,0.128672,2.138895,2.156055
0.565189,0.11912,0.110833,2.248564,2.002016
0.320463,0.102761,0.10148,2.34525,1.779234
0.320463,0.110677,0.109323,2.374327,1.705927
0.277997,0.11912,0.117374,2.38735,1.672914
0.239177,0.170023,0.167345,2.393184,1.622395
0.173252,0.182069,0.178358,2.393184,1.568068
0.204244,0.260082,0.248175,2.380995,1.558518
0.204244,0.236831,0.264024,2.304287,1.538324
0.204244,0.260082,0.264024,2.169317,1.533449
0.173252,0.293299,0.29696,2.009684,1.505183
0.204244,0.310809,0.297604,1.940614,1.538641
0.239177,0.301982,0.298248,1.855234,1.559488
0.239177,0.284768,0.298248,1.681662,1.543214
0.239177,0.284768,0.281129,1.6133,1.539125
0.277997,0.319775,0.281753,1.592847,1.5425
0.320463,0.356938,0.354377,1.497854,1.54475
0.366128,0.405883,0.394043,1.401171,1.552193
0.366128,0.347462,0.336265,1.195752,1.588927
0.514863,0.395907,0.396253,1.070406,1.595797
0.464234,0.395907,0.395516,0.998125,1.599169
0.614206,0.539643,0.521071,0.848461,1.597482
0.614206,0.51895,0.521071,0.779904,1.571434
0.704867,0.580551,0.643312,0.779904,1.520625
0.704867,0.630112,0.623999,0.779904,1.491829
0.704867,0.649252,0.643312,0.803541,1.393196
0.704867,0.703695,0.69834,0.880385,1.308552
0.704867,0.686086,0.69834,0.927892,1.199376
0.661011,0.712282,0.714947,1.013822,1.10722
0.704867,0.703695,0.680527,1.103393,0.968625
0.661011,0.677075,0.69769,1.24335,0.858675
0.614206,0.712282,0.714319,1.337564,0.814892
0.514863,0.752903,0.745871,1.384523,0.811385
0.514863,0.728998,0.745871,1.478708,0.795087
0.464234,0.752903,0.760759,1.571598,0.787625
0.464234,0.760546,0.745287,1.700721,0.783685
0.514863,0.796302,0.77611,1.833201,0.779625
0.414332,0.703695,0.711797,1.943435,0.779625
0.414332,0.737126,0.728562,2.046949,0.801992
0.366128,0.728998,0.727952,2.126111,0.900368
0.414332,0.686086,0.69443,2.173807,0.969375
0.239177,0.630112,0.636209,2.219295,1.068752
0.239177,0.60063,0.576718,2.276091,1.196068
0.320463,0.59063,0.598373,2.346674,1.313486
0.239177,0.560197,0.556286,2.37968,1.427689
0.173252,0.46709,0.471802,2.384971,1.538466
0.204244,0.498195,0.472571,2.388829,1.607103
0.173252,0.405883,0.39037,2.390678,1.660392
0.239177,0.405883,0.372196,2.390133,1.808235
0.239177,0.310809,0.298248,2.382311,1.99003
0.239177,0.276384,0.264623,2.344257,2.139854
0.204244,0.276384,0.232976,2.248645,2.254135
0.277997,0.147847,0.145803,2.089546,2.289086
0.204244,0.123548,0.100641,2.038515,2.2915
0.366128,0.114832,0.109624,1.915286,2.293413
0.464234,0.170023,0.169503,1.848158,2.293884
0.704867,0.153157,0.171683,1.75886,2.315346
0.745235,0.164242,0.160586,1.609287,2.366739
0.745235,0.182069,0.210648,1.59585,2.396
0.781791,0.301982,0.288664,1.56477,2.400024
0.814409,0.301982,0.306701,1.390524,2.407761
0.814409,0.328873,0.343178,1.3143,2.40581
0.814409,0.37622,0.381605,1.043042,2.402405
0.814409,0.356938,0.362171,0.899902,2.38951
0.814409,0.405883,0.421574,0.79505,2.361078
0.814409,0.46709,0.483336,0.776642,2.303478
0.781791,0.487813,0.482566,0.773771,2.185717
0.781791,0.508574,0.503362,0.769728,2.062
0.781791,0.549939,0.544847,0.768187,1.971343
0.745235,0.570404,0.564637,0.7685,1.858628
0.745235,0.560197,0.564637,0.769729,1.771823
0.704867,0.59063,0.584223,0.770097,1.697812
0.704867,0.59063,0.604283,0.81778,1.632238
0.661011,0.639736,0.623276,0.917544,1.616167
0.661011,0.62038,0.623276,1.035412,1.612177
0.614206,0.59063,0.582725,1.147043,1.611552
0.614206,0.539643,0.562363,1.308138,1.604788
0.661011,0.46709,0.41857,1.37278,1.597723
0.614206,0.395907,0.417821,1.420181,1.568189
0.661011,0.405883,0.398467,1.491979,1.550739
0.565189,0.395907,0.39699,1.503093,1.519768
0.464234,0.477442,0.456473,1.510067,1.386738
0.514863,0.436244,0.436672,1.511208,1.308335
0.414332,0.446485,0.455709,1.472302,1.290535
0.464234,0.51895,0.497969,1.374813,1.254436
0.464234,0.529309,0.518763,1.308373,1.180785
0.464234,0.580551,0.580475,1.146964,1.043348
0.565189,0.60063,0.60207,1.116177,1.002448
0.514863,0.658652,0.677841,1.083067,0.949403
0.514863,0.712282,0.713059,1.044174,0.942754
0.514863,0.694962,0.713059,1.012477,0.945682
0.514863,0.775346,0.790236,0.989898,0.955464
0.514863,0.728998,0.745871,0.914343,0.968421
0.565189,0.802956,0.804182,0.892169,0.978878
0.514863,0.815767,0.803697,0.847721,0.990624
0.565189,0.760546,0.776645,0.81937,1.0395
0.661011,0.821928,0.817875,0.810616,1.085993
0.661011,0.821928,0.817875,0.795767,1.255822
0.661011,0.809446,0.817875,0.767034,1.345483
0.745235,0.775346,0.842189,0.7525,1.447873
0.614206,0.745095,0.747038,0.740872,1.538561
0.565189,0.712282,0.71369,0.723933,1.668546
0.704867,0.703695,0.715575,0.723933,1.805825
0.704867,0.677075,0.680527,0.723933,1.934588
0.745235,0.649252,0.662859,0.757682,2.033565
0.814409,0.649252,0.645431,0.80683,2.096688
0.781791,0.649252,0.663548,0.856973,2.158847
0.814409,0.570404,0.566152,0.890744,2.241202
0.814409,0.539643,0.545612,0.962445,2.271238
0.814409,0.46709,0.483336,1.030088,2.271238
0.843129,0.456771,0.463363,1.15582,2.271238
0.843129,0.415932,0.422325,1.259187,2.266852
0.814409,0.395907,0.441986,1.387409,2.261509
0.814409,0.328873,0.362171,1.522781,2.175281
0.781791,0.293299,0.288664,1.641368,2.158212
0.781791,0.268155,0.271882,1.755942,2.138264
0.814409,0.260082,0.272493,1.845303,2.101554
0.781791,0.175965,0.184769,1.904842,2.07791
0.704867,0.170023,0.171683,1.935393,2.038695
0.565189,0.137686,0.148121,2.044015,1.937545
0.366128,0.14269,0.146573,2.152462,1.85838
0.366128,0.175965,0.168637,2.254286,1.819866
0.277997,0.194766,0.192312,2.404,1.655117
0.277997,0.222146,0.205569,2.4035,1.442031
0.204244,0.215054,0.204564,2.402968,1.395808
0.173252,0.310809,0.29696,2.408574,1.360319
0.204244,0.301982,0.297604,2.401445,1.2998
0.173252,0.347462,0.332834,2.38555,1.145554
0.204244,0.386017,0.371476,2.330786,1.090677
0.204244,0.456771,0.451889,2.237926,0.984601
0.204244,0.446485,0.451889,2.20873,0.828705
0.146099,0.508574,0.512605,2.168796,0.790768
0.204244,0.539643,0.534895,2.126212,0.776643
0.277997,0.549939,0.57747,1.968014,0.765799
0.239177,0.580551,0.576718,1.867339,0.754545
0.239177,0.639736,0.636209,1.774644,0.728417
0.277997,0.694962,0.692465,1.661888,0.726276
0.277997,0.686086,0.692465,1.548116,0.726276
0.320463,0.658652,0.675143,1.476393,0.727589
0.366128,0.712282,0.711164,1.397066,0.754791
0.414332,0.712282,0.711797,1.304719,0.802963
0.366128,0.712282,0.711164,1.2825,0.818199
0.366128,0.745095,0.744115,1.275,0.876875
0.464234,0.768028,0.775574,1.275,0.948284
0.514863,0.775346,0.77611,1.277373,0.985112
0.464234,0.775346,0.775574,1.286878,1.105693
0.565189,0.760546,0.746455,1.291048,1.209652
0.414332,0.639736,0.658021,1.297032,1.313799
0.514863,0.61055,0.601332,1.299955,1.423266
0.565189,0.60063,0.60207,1.311401,1.510451
0.565189,0.51895,0.621827,1.345378,1.569122
0.514863,0.539643,0.519532,1.369705,1.575587
0.614206,0.51895,0.521071,1.381,1.577935
0.565189,0.436244,0.39699,1.509063,1.580282
0.565189,0.37622,0.377251,1.665173,1.557705
0.514863,0.356938,0.376527,1.760382,1.483059
0.414332,0.366528,0.375081,1.877341,1.437827
0.320463,0.338105,0.335577,1.957826,1.422684
0.277997,0.319775,0.33489,1.977434,1.405539
0.239177,0.328873,0.315951,1.974576,1.39891
0.320463,0.356938,0.354377,1.963,1.416505
0.320463,0.347462,0.373638,1.941,1.422684
0.277997,0.446485,0.453416,1.755381,1.439083
0.414332,0.37622,0.375081,1.627369,1.48034
0.514863,0.415932,0.416322,1.529651,1.51425
0.565189,0.456771,0.437431,1.411319,1.540943
0.565189,0.436244,0.437431,1.349886,1.55462
0.565189,0.51895,0.520302,1.222908,1.56
0.614206,0.51895,0.521071,1.095113,1.561892
0.614206,0.539643,0.521071,1.016163,1.56319
0.661011,0.677075,0.679856,0.872276,1.560764
0.704867,0.639736,0.66217,0.761943,1.559195
0.704867,0.649252,0.66217,0.721862,1.53739
0.745235,0.658652,0.662859,0.721862,1.472599
0.704867,0.686086,0.715575,0.721862,1.379028
0.704867,0.694962,0.715575,0.734335,1.2822
0.704867,0.712282,0.715575,0.756927,1.193954
0.661011,0.712282,0.714947,0.76443,1.129394
0.565189,0.775346,0.761879,0.782838,0.957586
0.614206,0.768028,0.777179,0.815971,0.79697
0.661011,0.775346,0.777712,0.919416,0.661318
0.565189,0.782498,0.790747,1.030918,0.621765
0.514863,0.833764,0.828635,1.157699,0.589232
0.514863,0.844958,0.84013,1.244437,0.567021
0.464234,0.827927,0.828197,1.376514,0.557633
0.464234,0.839441,0.828197,1.512706,0.546
0.464234,0.815767,0.816032,1.619715,0.546
0.366128,0.782498,0.774499,1.721737,0.546
0.414332,0.796302,0.802722,1.822953,0.554828
0.464234,0.775346,0.775574,1.903525,0.591989
0.277997,0.720715,0.726729,1.978166,0.640845
0.277997,0.737126,0.726729,2.083215,0.674321
0.204244,0.639736,0.635496,2.275877,0.744009
0.204244,0.667928,0.654545,2.359693,0.899044
0.239177,0.649252,0.636209,2.388126,1.052113
0.173252,0.62038,0.595407,2.393936,1.127685
0.204244,0.60063,0.596149,2.406937,1.206254
0.173252,0.549939,0.534128,2.416605,1.34746
0.146099,0.477442,0.471034,2.41801,1.506398
0.146099,0.446485,0.450363,2.41801,1.63924
0.146099,0.415932,0.409598,2.411176,1.773682
0.146099,0.405883,0.370038,2.385161,1.895192
0.204244,0.436244,0.315285,2.32142,2.005
0.173252,0.268155,0.263425,2.274756,2.119685
0.146099,0.24442,0.247026,2.178815,2.245363
0.277997,0.182069,0.179717,2.131021,2.338905
0.239177,0.175965,0.167345,2.020356,2.43868
0.173252,0.158622,0.166488,1.956467,2.475316
0.366128,0.110677,0.087526,1.90917,2.485993
0.414332,0.098995,0.094668,1.828589,2.496681
0.514863,0.110677,0.11053,1.561224,2.505752
0.565189,0.128116,0.128327,1.47769,2.520274
0.745235,0.147847,0.149684,1.373794,2.522359
0.745235,0.215054,0.210648,1.217334,2.522359
0.814409,0.222146,0.225893,1.139829,2.520163
0.814409,0.24442,0.240775,1.080843,2.480861
0.814409,0.260082,0.256312,1.01903,2.436892
0.814409,0.328873,0.324673,0.928577,2.401435
0.814409,0.366528,0.362171,0.831809,2.361786
0.814409,0.405883,0.401425,0.768411,2.273428
0.814409,0.456771,0.441986,0.730069,2.18085
0.814409,0.487813,0.504133,0.709823,2.08811
0.843129,0.560197,0.566908,0.685312,1.927042
0.814409,0.59063,0.606492,0.678605,1.84904
0.814409,0.560197,0.586467,0.700236,1.781696
0.745235,0.60063,0.60502,0.714595,1.557558
0.745235,0.570404,0.584971,0.715,1.453059
0.745235,0.677075,0.681196,0.72125,1.342386
0.745235,0.677075,0.698989,0.777404,1.244425
0.745235,0.752903,0.764108,0.858032,1.097191
0.745235,0.760546,0.764108,0.975634,0.881572
0.745235,0.752903,0.764108,1.09895,0.774664
0.565189,0.775346,0.776645,1.169513,0.661709
0.514863,0.760546,0.77611,1.23602,0.656617
0.514863,0.815767,0.816494,1.278443,0.657
0.464234,0.815767,0.816032,1.389173,0.657
0.464234,0.827927,0.828197,1.510002,0.658125
0.366128,0.815767,0.815105,1.641484,0.662279
0.366128,0.775346,0.759635,1.763482,0.666061
0.366128,0.760546,0.774499,1.877858,0.668181
0.366128,0.760546,0.744115,2.012231,0.67135
0.239177,0.703695,0.691808,2.072409,0.715126
0.239177,0.658652,0.655242,2.140704,0.771396
0.204244,0.639736,0.616012,2.197297,0.849115
0.173252,0.60063,0.595407,2.236479,1.078355
0.146099,0.570404,0.574459,2.293162,1.208057
0.204244,0.477442,0.472571,2.299,1.327098
0.204244,0.415932,0.431373,2.30025,1.470359
0.146099,0.415932,0.409598,2.306363,1.61095
0.204244,0.328873,0.315285,2.297834,1.708942
0.239177,0.284768,0.281129,2.265789,1.794202
0.204244,0.222146,0.218437,2.17124,1.894746
0.277997,0.153157,0.156475,2.060693,2.129762
0.514863,0.132828,0.13756,2.038614,2.223317
0.614206,0.14269,0.148511,1.991913,2.226299
0.614206,0.194766,0.209115,1.861385,2.277688
0.704867,0.208126,0.196657,1.748552,2.292043
0.745235,0.208126,0.224817,1.62966,2.3225
0.781791,0.215054,0.225354,1.52125,2.382853
0.781791,0.208126,0.211161,1.464371,2.39491
0.781791,0.236831,0.255725,1.344147,2.398455
0.781791,0.268155,0.271882,1.241012,2.402
0.745235,0.356938,0.360749,1.175838,2.366705
0.745235,0.415932,0.420071,1.143905,2.287198
0.745235,0.415932,0.420071,1.094689,2.145338
0.745235,0.51895,0.523378,1.021384,2.072622
0.745235,0.498195,0.502592,0.944,1.97916
0.745235,0.570404,0.584971,0.956003,1.879014
0.661011,0.677075,0.679856,0.960004,1.766223
0.614206,0.60063,0.582725,0.974128,1.683247
0.565189,0.658652,0.641188,1.025621,1.587454
0.565189,0.62038,0.621827,1.056069,1.469864
0.514863,0.630112,0.621102,1.066259,1.307344
0.565189,0.694962,0.71369,1.090713,1.091939
0.464234,0.720715,0.729171,1.148619,1.052319
0.414332,0.760546,0.744701,1.22601,0.876024
0.366128,0.775346,0.727952,1.307388,0.829939
0.277997,0.712282,0.709896,1.384505,0.822962
0.414332,0.694962,0.69443,1.525,0.808618
0.239177,0.677075,0.673789,1.648923,0.784158
0.320463,0.677075,0.675143,1.787939,0.777787
0.239177,0.61055,0.616741,1.919799,0.777787
0.239177,0.62038,0.616741,2.014393,0.779037
0.204244,0.60063,0.596149,2.087454,0.837049
0.277997,0.498195,0.494887,2.133703,0.939508
0.239177,0.446485,0.432129,2.175047,1.040732
0.173252,0.386017,0.39037,2.288413,1.111361
0.239177,0.328873,0.334204,2.32949,1.208216
0.277997,0.293299,0.298894,2.32949,1.302804
0.239177,0.252172,0.233527,2.330835,1.405875
0.239177,0.222146,0.233527,2.331715,1.510958
0.239177,0.175965,0.179263,2.315063,1.620811
0.239177,0.182069,0.179263,2.280043,1.683771
0.204244,0.14269,0.145037,2.258689,1.751185
0.565189,0.147847,0.148121,2.229424,2.000086
0.464234,0.137686,0.147345,2.157721,2.136199
0.704867,0.182069,0.183842,2.08108,2.243317
0.781791,0.182069,0.197633,2.036224,2.286439
0.781791,0.24442,0.225354,1.98945,2.321706
0.781791,0.229406,0.240212,1.74712,2.382501
0.781791,0.301982,0.306046,1.585913,2.395429
0.781791,0.37622,0.380878,1.464687,2.396905
0.781791,0.395907,0.400685,1.32822,2.396789
0.781791,0.415932,0.420822,1.243762,2.385234
0.781791,0.549939,0.524146,1.058453,2.337125
0.781791,0.498195,0.503362,0.975453,2.269639
0.745235,0.498195,0.502592,0.905163,2.189015
0.745235,0.498195,0.523378,0.826375,2.123839
0.704867,0.51895,0.522609,0.81222,2.064916
0.704867,0.549939,0.563879,0.81222,1.951642
0.661011,0.580551,0.583474,0.812576,1.8631
0.614206,0.62038,0.622552,0.859211,1.734921
0.661011,0.677075,0.661481,0.890348,1.615686
0.614206,0.686086,0.679185,0.89038,1.517096
0.661011,0.768028,0.777712,0.89038,1.386899
0.514863,0.760546,0.77611,0.898776,1.181608
0.464234,0.775346,0.775574,0.900152,1.085041
0.464234,0.802956,0.80321,0.900152,1.017
0.464234,0.775346,0.775574,0.912459,0.959048
0.514863,0.802956,0.790236,1.003379,0.824685
0.414332,0.809446,0.789213,1.096053,0.701242
0.464234,0.775346,0.775574,1.282647,0.660505
0.414332,0.745095,0.744701,1.364916,0.658132
0.320463,0.720715,0.727341,1.444639,0.658132
0.277997,0.60063,0.57747,1.519542,0.665066
0.320463,0.560197,0.557807,1.591959,0.751143
0.277997,0.580551,0.597632,1.656513,0.804741
0.366128,0.51895,0.517224,1.703029,0.874575
0.414332,0.456771,0.455709,1.773294,1.061875
0.414332,0.436244,0.455709,1.784794,1.148313
0.464234,0.386017,0.375804,1.798387,1.239468
0.514863,0.338105,0.338331,1.807187,1.340377
0.514863,0.301982,0.319961,1.79117,1.484444
0.565189,0.356938,0.357911,1.745918,1.537808
0.614206,0.293299,0.286139,1.689797,1.692647
0.745235,0.236831,0.23965,1.645407,1.813505
0.704867,0.201363,0.196657,1.60488,1.969694
0.704867,0.201363,0.183842,1.593364,2.093319
0.661011,0.158622,0.171246,1.593364,2.13212
0.614206,0.158622,0.159344,1.598243,2.178273
0.565189,0.137686,0.128327,1.625153,2.195819
0.320463,0.123548,0.117693,1.721217,2.193119
0.366128,0.123548,0.126954,1.819843,2.185694
0.277997,0.147847,0.145803,1.883543,2.202363
0.173252,0.301982,0.29696,1.936995,2.152795
0.204244,0.293299,0.297604,2.099828,2.117579
0.173252,0.319775,0.31462,2.218799,2.083142
0.173252,0.319775,0.31462,2.256488,1.965371
0.173252,0.426057,0.430617,2.308622,1.888208
0.173252,0.436244,0.451126,2.312658,1.782141
0.204244,0.456771,0.451889,2.309786,1.689607
0.204244,0.549939,0.534895,2.263919,1.575056
0.173252,0.580551,0.575212,2.2497,1.508842
0.204244,0.539643,0.616012,2.241866,1.438953
0.239177,0.62038,0.596891,2.230345,1.3522
0.277997,0.703695,0.709896,2.209012,1.264603
0.239177,0.61055,0.616741,2.16031,1.15948
0.204244,0.703695,0.691151,2.128941,1.085166
0.277997,0.712282,0.709896,2.096406,1.006453
0.366128,0.720715,0.693776,2.059862,0.895029
0.320463,0.752903,0.759072,1.977777,0.829572
0.366128,0.760546,0.759635,1.894555,0.803345
0.464234,0.737126,0.760759,1.822797,0.787978
0.414332,0.720715,0.69443,1.707101,0.774204
0.514863,0.760546,0.745871,1.635451,0.75325
0.514863,0.745095,0.761319,1.526631,0.752
0.565189,0.775346,0.761879,1.415857,0.752
0.565189,0.745095,0.761879,1.342177,0.757734
0.614206,0.745095,0.747038,1.245378,0.813329
0.614206,0.720715,0.714319,1.178069,0.896461
0.661011,0.677075,0.679856,1.131907,0.993754
0.661011,0.658652,0.642605,1.038513,1.090176
0.704867,0.639736,0.623999,0.944582,1.208436
0.704867,0.62038,0.623999,0.873093,1.262092
0.745235,0.580551,0.584971,0.86248,1.417658
0.781791,0.560197,0.565394,0.855282,1.540431
0.745235,0.539643,0.544083,0.847065,1.631298
0.781791,0.46709,0.482566,0.835456,1.715824
0.781791,0.456771,0.441226,0.834499,1.851909
0.814409,0.395907,0.401425,0.835734,1.992352
0.814409,0.37622,0.401425,0.835734,2.093371
0.843129,0.284768,0.307357,0.839767,2.154083
0.843129,0.284768,0.307357,0.906745,2.170321
0.814409,0.293299,0.306701,0.986664,2.221372
0.843129,0.215054,0.226432,1.055903,2.308094
0.843129,0.175965,0.185699,1.118523,2.404939
0.814409,0.170023,0.161419,1.14721,2.5045
0.745235,0.158622,0.160586,1.219013,2.534
0.745235,0.153157,0.149684,1.349764,2.534
0.565189,0.106654,0.082028,1.460771,2.534
0.320463,0.114832,0.117693,1.558575,2.530593
0.277997,0.137686,0.109024,1.6775,2.519133
0.320463,0.123548,0.126613,1.913978,2.511409
0.366128,0.188337,0.193271,1.947001,2.406997
0.320463,0.222146,0.22002,2.107431,2.287475
0.239177,0.24442,0.233527,2.209245,2.204639
0.204244,0.268155,0.264024,2.247624,2.052103
0.173252,0.284768,0.2476,2.271957,1.977188
0.239177,0.293299,0.298248,2.281048,1.923215
0.204244,0.395907,0.391104,2.290576,1.847236
0.239177,0.395907,0.391838,2.291484,1.758178
0.204244,0.487813,0.472571,2.286928,1.6045
0.204244,0.415932,0.431373,2.286,1.404122
0.204244,0.539643,0.472571,2.279315,1.297509
0.204244,0.649252,0.635496,2.169755,1.242955
0.277997,0.667928,0.655938,2.122089,1.174162
0.320463,0.667928,0.675143,2.099443,1.016366
0.366128,0.639736,0.638347,2.0755,0.892873
0.320463,0.686086,0.675143,1.936273,0.856512
0.320463,0.752903,0.759072,1.825643,0.829665
0.320463,0.768028,0.759072,1.764606,0.806082
0.414332,0.760546,0.760197,1.701058,0.7586
0.464234,0.775346,0.760759,1.599417,0.696442
0.414332,0.802956,0.802722,1.454716,0.670583
0.414332,0.789481,0.789213,1.371253,0.661823
0.464234,0.775346,0.760759,1.288155,0.661823
0.464234,0.789481,0.789725,1.210773,0.671465
0.565189,0.802956,0.804182,1.16406,0.728229
0.514863,0.802956,0.803697,1.124843,0.807013
0.614206,0.802956,0.791256,1.062672,0.83557
0.614206,0.752903,0.747038,0.986984,0.882402
0.614206,0.745095,0.730993,0.931116,0.996739
0.614206,0.694962,0.69704,0.911779,1.148067
0.661011,0.694962,0.679856,0.902735,1.289693
0.704867,0.667928,0.680527,0.872816,1.414025
0.745235,0.667928,0.662859,0.806857,1.52297
0.745235,0.639736,0.662859,0.794643,1.642539
0.745235,0.630112,0.644019,0.794643,1.777591
0.661011,0.539643,0.542554,0.803862,1.805322
0.745235,0.508574,0.523378,0.932271,1.80991
0.704867,0.508574,0.522609,0.989012,1.816928
0.745235,0.446485,0.461065,1.099812,1.841219
0.781791,0.37622,0.380878,1.162273,1.958595
0.745235,0.386017,0.399945,1.265409,2.028572
0.565189,0.328873,0.320632,1.38214,2.060875
0.614206,0.301982,0.321304,1.518568,2.076296
0.565189,0.222146,0.222676,1.656886,2.084558
0.565189,0.182069,0.195201,1.789014,2.097775
0.464234,0.164242,0.158109,1.853078,2.131067
0.414332,0.147847,0.157699,1.924812,2.156989
0.277997,0.147847,0.145803,2.02476,2.210295
0.239177,0.147847,0.14542,2.078554,2.218777
0.320463,0.147847,0.136104,2.094714,2.221979
0.366128,0.147847,0.146573,2.094714,2.241352
0.366128,0.158622,0.15729,2.081786,2.2822
0.464234,0.128116,0.127639,1.918933,2.295909
0.514863,0.11912,0.127982,1.738323,2.389831
0.781791,0.158622,0.161002,1.644916,2.484686
0.745235,0.164242,0.172122,1.579208,2.522347
0.781791,0.158622,0.161002,1.515381,2.525094
0.814409,0.164242,0.173002,1.369705,2.525094
0.814409,0.293299,0.306701,1.248205,2.524308
0.781791,0.310809,0.323998,1.150396,2.500983
0.814409,0.366528,0.381605,1.016273,2.464864
0.814409,0.395907,0.401425,0.885788,2.416878
0.814409,0.46709,0.441986,0.8164,2.316682
0.814409,0.487813,0.462597,0.808422,2.186539
0.781791,0.508574,0.524146,0.801725,2.055474
0.781791,0.529309,0.524146,0.782581,1.943049
0.745235,0.59063,0.60502,0.745016,1.785797
0.745235,0.639736,0.644019,0.736,1.636717
0.745235,0.686086,0.748781,0.736,1.500018
0.704867,0.737126,0.748201,0.736,1.344031
0.661011,0.720715,0.731598,0.750431,1.212002
0.661011,0.796302,0.791765,0.784545,1.090528
0.565189,0.839441,0.840544,0.848095,0.957763
0.514863,0.802956,0.803697,0.918892,0.815407
0.514863,0.827927,0.84013,1.003759,0.720286
0.414332,0.815767,0.815569,1.108014,0.711606
0.414332,0.775346,0.815569,1.218567,0.705717
0.414332,0.737126,0.744701,1.291838,0.700012
0.464234,0.768028,0.745287,1.413597,0.68893
0.239177,0.745095,0.709261,1.552177,0.696867
0.277997,0.712282,0.709896,1.679795,0.698781
0.239177,0.570404,0.576718,1.838892,0.701227
0.277997,0.630112,0.617469,1.892707,0.750192
0.320463,0.59063,0.578222,1.940109,0.805883
0.277997,0.570404,0.557046,2.022422,0.892352
0.204244,0.46709,0.472571,2.145085,1.041925
0.204244,0.477442,0.472571,2.193913,1.12058
0.173252,0.386017,0.370757,2.319039,1.264186
0.204244,0.319775,0.315285,2.358152,1.361514
0.173252,0.328873,0.332834,2.377,1.412484
0.239177,0.310809,0.315951,2.3668,1.525287
0.173252,0.215054,0.217912,2.289974,1.72164
0.239177,0.175965,0.167345,2.239024,1.867186
0.277997,0.158622,0.167775,2.211351,1.982441
0.366128,0.14269,0.146573,2.196527,1.997505
0.320463,0.128116,0.136104,2.01911,2.130642
0.366128,0.201363,0.146573,1.823107,2.216771
0.414332,0.194766,0.181084,1.730076,2.225645
0.704867,0.215054,0.210136,1.591378,2.261952
0.704867,0.252172,0.270664,1.558619,2.27778
0.745235,0.301982,0.288031,1.557321,2.27778
0.781791,0.338105,0.323998,1.477461,2.27697
0.781791,0.366528,0.36146,1.37149,2.25042
0.814409,0.395907,0.381605,1.344449,2.185179
0.781791,0.426057,0.441226,1.164252,2.149957
0.781791,0.498195,0.503362,0.842687,2.122375
0.814409,0.549939,0.545612,0.72831,2.09988
0.814409,0.560197,0.566152,0.674782,2.066326
0.814409,0.580551,0.586467,0.673982,1.953185
0.745235,0.630112,0.60502,0.666475,1.853163
0.745235,0.62038,0.624722,0.662592,1.730957
0.745235,0.639736,0.644019,0.671042,1.601517
0.745235,0.667928,0.624722,0.677347,1.418275
0.661011,0.712282,0.731598,0.683731,1.283274
0.661011,0.768028,0.817875,0.709046,1.17127
0.661011,0.827927,0.817875,0.81552,1.085035
0.614206,0.768028,0.762437,0.907841,1.054607
0.614206,0.782498,0.777179,1.007113,1.029791
0.565189,0.775346,0.761879,1.082237,1.029791
0.565189,0.745095,0.730386,1.160304,1.077518
0.661011,0.728998,0.74762,1.299106,1.125754
0.614206,0.752903,0.730993,1.311111,1.195195
0.565189,0.677075,0.696389,1.31772,1.320495
0.514863,0.658652,0.659407,1.334408,1.43172
0.565189,0.658652,0.660099,1.346125,1.589005
0.565189,0.560197,0.581975,1.370076,1.711174
0.565189,0.51895,0.520302,1.42982,1.8484
0.565189,0.436244,0.458003,1.464569,1.958909
0.565189,0.395907,0.417071,1.52364,2.0852
0.614206,0.356938,0.397729,1.587883,2.131
0.614206,0.328873,0.339713,1.649699,2.1316
0.614206,0.328873,0.339713,1.746877,2.15185
0.661011,0.236831,0.253969,1.788523,2.141726
0.614206,0.222146,0.209115,1.834204,2.125994
0.614206,0.158622,0.159344,1.92747,2.123249
0.565189,0.137686,0.128327,2.156056,2.10115
0.414332,0.128116,0.127296,2.218435,2.077259
0.320463,0.182069,0.180171,2.262968,1.936946
0.366128,0.222146,0.206578,2.284903,1.795921
0.239177,0.276384,0.233527,2.353852,1.623877
0.239177,0.328873,0.334204,2.383848,1.448224
0.173252,0.405883,0.39037,2.404984,1.379407
0.204244,0.395907,0.411089,2.425644,1.275433
0.204244,0.498195,0.472571,2.425644,1.034204
0.204244,0.477442,0.472571,2.383102,0.966247
0.204244,0.46709,0.472571,2.304406,0.925812
0.204244,0.549939,0.555525,2.233443,0.884691
0.204244,0.639736,0.635496,2.155089,0.790171
0.239177,0.667928,0.655242,2.084775,0.696036
0.204244,0.677075,0.654545,2.005398,0.657386
0.204244,0.667928,0.673111,1.878727,0.641714
0.239177,0.752903,0.77288,1.774318,0.616914
0.239177,0.760546,0.757943,1.681885,0.585601
0.277997,0.768028,0.758508,1.593505,0.558083
0.277997,0.775346,0.773421,1.459737,0.561581
0.239177,0.802956,0.813707,1.368577,0.572615
0.277997,0.789481,0.814174,1.30759,0.58419
0.366128,0.796302,0.788699,1.257576,0.653874
0.414332,0.789481,0.789213,1.198239,0.736869
0.464234,0.827927,0.816032,1.158183,0.827078
0.514863,0.802956,0.816494,1.026313,0.940588
0.565189,0.802956,0.804182,0.879964,1.069937
0.565189,0.775346,0.776645,0.859093,1.141312
0.565189,0.782498,0.790747,0.842887,1.232751
0.661011,0.789481,0.777712,0.822875,1.388125
0.614206,0.745095,0.747038,0.743027,1.528785
0.704867,0.712282,0.732203,0.697053,1.607998
0.661011,0.694962,0.69769,0.672968,1.685875
0.745235,0.694962,0.698989,0.672968,1.813019
0.781791,0.703695,0.663548,0.672968,1.929004
0.814409,0.686086,0.734012,0.683118,2.017031
0.781791,0.59063,0.585719,0.737836,2.087177
0.781791,0.529309,0.565394,0.81679,2.136198
0.781791,0.580551,0.565394,0.883905,2.230403
0.843129,0.477442,0.504903,0.945723,2.330946
0.843129,0.426057,0.422325,1.045326,2.347
0.814409,0.338105,0.343178,1.168321,2.347
0.781791,0.347462,0.420822,1.280056,2.347
0.781791,0.276384,0.271882,1.365666,2.296772
0.781791,0.260082,0.255725,1.49119,2.235916
0.781791,0.201363,0.197633,1.608961,2.222943
0.814409,0.201363,0.198122,1.714834,2.214806
0.661011,0.170023,0.171246,1.810113,2.191402
0.565189,0.14269,0.148121,1.892236,2.149786
0.514863,0.147847,0.13756,1.977511,2.032208
0.565189,0.132828,0.137926,2.037042,1.921738
0.277997,0.194766,0.205569,2.038282,1.867015
0.320463,0.208126,0.206073,2.042,1.854935
0.277997,0.222146,0.234079,2.030659,1.822807
0.277997,0.236831,0.249326,2.01527,1.7347
0.320463,0.276384,0.265824,1.996233,1.615144
0.464234,0.284768,0.284254,1.924155,1.58977
0.464234,0.301982,0.319291,1.792233,1.56969
0.464234,0.436244,0.435914,1.759131,1.554309
0.464234,0.436244,0.456473,1.632393,1.452257
0.464234,0.580551,0.580475,1.591728,1.365016
0.514863,0.639736,0.621102,1.502039,1.298335
0.565189,0.580551,0.581975,1.329589,1.160266
0.514863,0.62038,0.621102,1.278188,1.157201
0.565189,0.686086,0.678513,1.102864,1.086951
0.514863,0.712282,0.659407,0.996503,1.059105
0.565189,0.789481,0.776645,0.844731,1.004623
0.614206,0.737126,0.747038,0.812938,0.944584
0.565189,0.809446,0.804182,0.782036,0.819894
0.565189,0.844958,0.840544,0.779681,0.760143
0.614206,0.860591,0.861974,0.779681,0.664267
0.614206,0.87026,0.871579,0.791165,0.60701
0.661011,0.887892,0.889388,0.886705,0.595479
0.565189,0.815767,0.829072,0.979481,0.572166
0.614206,0.860591,0.861974,1.072876,0.543331
0.514863,0.850322,0.84013,1.186184,0.53985
0.464234,0.839441,0.839716,1.249377,0.53985
0.366128,0.839441,0.838884,1.27,0.547292
0.514863,0.839441,0.828635,1.277831,0.679194
0.514863,0.789481,0.790236,1.295408,0.811056
0.514863,0.775346,0.77611,1.296459,0.956857
0.514863,0.745095,0.729779,1.291124,1.134545
0.464234,0.728998,0.729171,1.288923,1.244504
0.464234,0.720715,0.677167,1.28265,1.399081
0.514863,0.649252,0.640478,1.254724,1.50937
0.514863,0.60063,0.601332,1.2171,1.681496
0.565189,0.51895,0.520302,1.2145,1.806146
0.514863,0.51895,0.519532,1.2145,1.923702
0.614206,0.508574,0.50028,1.220423,2.051812
0.704867,0.477442,0.460299,1.237723,2.118503
0.704867,0.456771,0.419321,1.281052,2.199474
0.704867,0.37622,0.379426,1.323169,2.228018
0.745235,0.386017,0.380152,1.324,2.228018
0.781791,0.310809,0.306046,1.326421,2.228018
0.781791,0.310809,0.306046,1.340136,2.159259
0.814409,0.276384,0.289297,1.347,2.041099
0.781791,0.293299,0.288664,1.347375,1.948224
0.745235,0.319775,0.323323,1.333036,1.860074
0.745235,0.310809,0.323323,1.3235,1.762
0.704867,0.284768,0.2874,1.329041,1.607408
0.661011,0.301982,0.304086,1.340792,1.529052
0.565189,0.37622,0.377251,1.342341,1.421401
0.565189,0.405883,0.377251,1.340264,1.309712
0.565189,0.37622,0.39699,1.340956,1.142409
0.565189,0.415932,0.541023,1.354326,1.045289
0.464234,0.570404,0.560086,1.383257,0.931444
0.565189,0.61055,0.561604,1.409514,0.830979
0.514863,0.60063,0.621102,1.454835,0.651413
0.514863,0.649252,0.659407,1.573065,0.526109
0.414332,0.694962,0.69443,1.673563,0.51942
0.320463,0.712282,0.759072,1.761504,0.505171
0.320463,0.760546,0.743528,1.859094,0.5
0.366128,0.768028,0.774499,1.995665,0.511126
0.320463,0.745095,0.759072,2.22675,0.521333
0.277997,0.760546,0.758508,2.28032,0.535
0.277997,0.745095,0.74294,2.312142,0.581238
0.239177,0.720715,0.726117,2.317956,0.737923
0.173252,0.703695,0.690492,2.326113,0.862187
0.204244,0.703695,0.691151,2.334888,0.982096
0.204244,0.737126,0.708625,2.357883,1.10695
0.277997,0.677075,0.692465,2.399385,1.2362
0.204244,0.686086,0.673111,2.419052,1.328832
0.204244,0.60063,0.596149,2.423552,1.446146
0.204244,0.60063,0.575965,2.425616,1.524048
0.239177,0.549939,0.556286,2.395327,1.657227
0.173252,0.46709,0.471802,2.350306,1.801539
0.204244,0.498195,0.472571,2.302541,2.066423
0.146099,0.395907,0.389637,2.267491,2.257355
0.173252,0.356938,0.351562,2.129323,2.313415
0.239177,0.347462,0.334204,2.064217,2.342602
0.239177,0.252172,0.233527,2.046521,2.356862
0.320463,0.276384,0.317285,1.869083,2.39262
0.239177,0.201363,0.191834,1.714346,2.4839
0.320463,0.132828,0.136104,1.647546,2.525305
0.614206,0.137686,0.148511,1.453768,2.535432
0.661011,0.11912,0.129018,1.342061,2.535432
0.781791,0.137686,0.139768,1.229935,2.533845
0.814409,0.14269,0.15047,1.119482,2.51749
0.814409,0.215054,0.225893,1.020853,2.494894
0.814409,0.24442,0.240775,0.894311,2.489665
0.814409,0.284768,0.272493,0.788187,2.464083
0.814409,0.338105,0.324673,0.756556,2.380809
0.814409,0.319775,0.324673,0.751855,2.254624
0.843129,0.347462,0.362883,0.743579,2.144928
0.843129,0.426057,0.442746,0.735685,2.017165
0.814409,0.477442,0.483336,0.693845,1.924753
0.843129,0.539643,0.546376,0.6575,1.826016
0.781791,0.539643,0.544847,0.6575,1.694292
0.781791,0.570404,0.585719,0.6575,1.552683
0.745235,0.539643,0.544083,0.678734,1.412016
0.781791,0.59063,0.585719,0.736147,1.280112
0.745235,0.703695,0.698989,0.774758,1.210829
0.704867,0.737126,0.715575,0.79623,1.116396
0.704867,0.720715,0.715575,0.850585,0.887043
0.661011,0.728998,0.731598,0.918551,0.762832
0.704867,0.775346,0.778244,1.0015,0.737068
0.614206,0.737126,0.730993,1.152183,0.727437
0.704867,0.809446,0.841779,1.230565,0.718754
0.614206,0.827927,0.840956,1.338846,0.718359
0.565189,0.850322,0.840544,1.439801,0.726722
0.565189,0.789481,0.790747,1.56364,0.739417
0.514863,0.802956,0.803697,1.623648,0.753613
0.414332,0.768028,0.711797,1.680986,0.861236
0.464234,0.760546,0.760759,1.695907,1.055109
0.414332,0.745095,0.760197,1.718525,1.120772
0.366128,0.737126,0.744115,1.769112,1.290018
0.320463,0.760546,0.743528,1.710828,1.370968
0.366128,0.639736,0.657328,1.70785,1.591468
0.414332,0.62038,0.639058,1.698215,1.71211
0.366128,0.60063,0.599113,1.647646,1.79994
0.414332,0.529309,0.517994,1.647,1.937042
0.414332,0.477442,0.455709,1.647,2.0381
0.366128,0.446485,0.475644,1.650976,2.071
0.565189,0.415932,0.437431,1.709843,2.071
0.661011,0.319775,0.321976,1.81739,2.071
0.704867,0.319775,0.322649,1.939656,2.057692
0.614206,0.268155,0.286139,2.052456,2.022451
0.565189,0.236831,0.222676,2.129769,1.977437
0.565189,0.236831,0.237411,2.159301,1.9358
0.464234,0.182069,0.181541,2.204126,1.852001
0.514863,0.170023,0.147733,2.237148,1.796054
0.414332,0.132828,0.146958,2.300729,1.700367
0.366128,0.132828,0.146573,2.376716,1.541855
0.320463,0.164242,0.156882,2.381,1.290337
0.320463,0.164242,0.156882,2.381,1.207473
0.277997,0.229406,0.219492,2.374209,1.176612
0.320463,0.208126,0.206073,2.246034,1.1219
0.239177,0.24442,0.218964,2.189453,0.992539
0.173252,0.284768,0.31462,2.146905,0.900243
0.239177,0.386017,0.372196,2.091479,0.795803
0.173252,0.415932,0.430617,1.993386,0.722999
0.204244,0.46709,0.472571,1.885058,0.680997
0.204244,0.51895,0.514145,1.756047,0.643684
0.239177,0.539643,0.535662,1.670226,0.630689
0.277997,0.62038,0.636922,1.5665,0.629571
0.239177,0.60063,0.576718,1.453544,0.629571
0.239177,0.658652,0.673789,1.352746,0.633638
0.204244,0.745095,0.741761,1.297191,0.723577
0.239177,0.712282,0.709261,1.228483,0.823542
0.277997,0.720715,0.726729,1.185161,0.916052
0.277997,0.768028,0.773421,1.023028,1.012735
0.320463,0.782498,0.77396,0.939274,1.127525
0.366128,0.802956,0.802234,0.898243,1.241527
0.414332,0.809446,0.802722,0.841342,1.361225
0.414332,0.789481,0.802722,0.787973,1.490375
0.414332,0.782498,0.775037,0.736311,1.641862
0.514863,0.768028,0.790236,0.686768,1.767586
0.514863,0.768028,0.77611,0.686768,1.891163
0.464234,0.728998,0.729171,0.686768,2.00525
0.514863,0.745095,0.745871,0.705513,2.069529
0.614206,0.752903,0.747038,0.777872,2.124679
0.565189,0.737126,0.730386,0.853767,2.176515
0.745235,0.694962,0.698989,0.928513,2.249625
0.745235,0.686086,0.681196,0.993725,2.336568
0.745235,0.677075,0.681196,1.1299,2.353689
0.781791,0.677075,0.663548,1.307395,2.353689
0.781791,0.639736,0.644725,1.423706,2.353689
0.781791,0.59063,0.585719,1.466655,2.336229
0.781791,0.570404,0.565394,1.544766,2.308812
0.814409,0.508574,0.504133,1.669117,2.292525
0.814409,0.456771,0.462597,1.815831,2.242724
0.781791,0.436244,0.461831,1.871894,2.194737
0.843129,0.415932,0.362883,1.899857,2.066298
0.814409,0.338105,0.362171,1.942001,1.944918
0.843129,0.293299,0.307357,2.007658,1.825335
0.781791,0.276384,0.288664,2.068275,1.711953
0.781791,0.236831,0.225354,2.129666,1.618915
0.745235,0.208126,0.210648,2.193744,1.484701
0.704867,0.188337,0.183842,2.200107,1.311503
0.614206,0.128116,0.138293,2.166355,1.286474
0.514863,0.11912,0.127982,2.108658,1.284147
0.414332,0.194766,0.181084,1.992194,1.289187
0.414332,0.164242,0.16907,1.965313,1.306314
0.366128,0.158622,0.15729,1.907058,1.395839
0.277997,0.338105,0.33489,1.809091,1.419629
0.239177,0.301982,0.298248,1.559142,1.485941
0.204244,0.356938,0.352265,1.435404,1.571357
0.239177,0.405883,0.352968,1.41654,1.599513
0.239177,0.477442,0.452653,1.292718,1.645867
0.277997,0.498195,0.494887,1.222186,1.64938
0.320463,0.498195,0.495658,1.089617,1.66375
0.414332,0.498195,0.497198,0.936035,1.658881
0.464234,0.436244,0.435914,0.837938,1.649927
0.514863,0.477442,0.477951,0.788,1.640481
0.414332,0.415932,0.476413,0.788,1.576586
0.661011,0.456771,0.459533,0.79175,1.4835
0.661011,0.456771,0.459533,0.8032,1.3836
0.704867,0.570404,0.584223,0.826755,1.290178
0.704867,0.59063,0.604283,0.8337,1.150871
0.745235,0.62038,0.624722,0.858,0.994
0.745235,0.639736,0.624722,0.988537,0.909791
0.704867,0.630112,0.623999,1.154902,0.793521
0.661011,0.658652,0.661481,1.185081,0.783442
0.661011,0.667928,0.679856,1.25605,0.756609
0.661011,0.728998,0.714947,1.324844,0.712675
0.614206,0.712282,0.714319,1.436464,0.678295
0.661011,0.760546,0.791765,1.567049,0.678295
0.565189,0.775346,0.776645,1.666164,0.678295
0.565189,0.782498,0.776645,1.777417,0.691534
0.514863,0.745095,0.761319,1.820973,0.777446
0.514863,0.789481,0.77611,1.930714,0.861876
0.514863,0.768028,0.803697,2.061877,0.890138
0.464234,0.760546,0.775574,2.188429,0.95496
0.464234,0.728998,0.729171,2.245848,1.069897
0.414332,0.712282,0.728562,2.26423,1.184355
0.320463,0.728998,0.727341,2.269094,1.25289
0.320463,0.694962,0.71053,2.271433,1.316083
0.204244,0.667928,0.654545,2.27338,1.423743
0.277997,0.59063,0.597632,2.257661,1.669409
0.204244,0.580551,0.555525,2.248446,1.778395
0.146099,0.560197,0.614553,2.229252,1.84862
0.204244,0.549939,0.555525,2.177282,1.946165
0.277997,0.539643,0.515685,2.043029,2.040323
0.239177,0.415932,0.411836,1.825786,2.171206
0.239177,0.356938,0.372196,1.739294,2.219821
0.239177,0.319775,0.391838,1.613209,2.278398
0.320463,0.319775,0.354377,1.531776,2.408325
