1.073359,1.114156,1.008911,0.470154,1.145548
1.073359,1.280284,1.258547,0.627738,1.527902
1.073359,1.238747,1.258547,0.628114,1.529463
1.073359,1.238747,1.258547,0.62922,1.533929
1.073359,0.823419,0.925699,0.629533,1.534677
0.870581,0.532699,0.506557,0.632029,1.538617
0.870581,0.40809,0.506557,0.668397,1.584219
0.870581,0.449627,0.506557,0.724091,1.637008
0.870581,0.532699,0.589769,0.732021,1.64096
0.870581,0.615755,0.589769,0.735388,1.642763
0.870581,0.864955,0.839405,0.738755,1.644565
0.870581,0.781882,0.839405,0.735625,1.645767
0.870581,0.823419,0.756193,0.7325,1.645767
0.870581,0.657291,0.672981,0.7325,1.645767
0.870581,0.615755,0.589769,0.7325,1.64705
0.870581,0.491163,0.589769,0.750831,1.664797
0.870581,0.325035,0.589769,0.784996,1.700091
0.870581,0.698827,0.672981,0.788578,1.735751
1.073359,0.449627,0.426427,0.788578,1.769506
1.073359,0.366572,0.426427,0.792767,1.826291
1.073359,0.366572,0.343215,0.809625,1.934101
1.073359,0.241962,0.260003,0.811,2.038859
1.276137,0.325035,0.346297,0.811,2.120284
1.478915,-0.173348,-0.149893,0.86725,2.20875
1.276137,-0.381013,-0.319399,0.946936,2.27535
1.478915,-0.381013,-0.316317,1.029263,2.342465
1.681693,-0.796341,-0.729295,1.115308,2.411887
1.681693,-0.837878,-0.895719,1.243702,2.416999
1.681693,-1.087061,-1.062143,1.430538,2.416999
1.478915,-1.253206,-1.231649,1.533673,2.376207
1.276137,-1.502389,-1.484367,1.618908,2.31106
1.276137,-1.668517,-1.567579,1.715048,2.306104
-0.143309,-2.083845,-2.005212,1.851409,2.293286
-0.548865,-2.00079,-2.011376,1.966076,2.254898
-0.548865,-1.959254,-2.011376,2.075664,2.219327
-0.954421,-1.75159,-1.767904,2.278067,2.04654
-1.157199,-1.710053,-1.687774,2.340029,1.943104
-1.157199,-1.253206,-1.271714,2.39032,1.872771
-1.157199,-1.294725,-1.271714,2.421444,1.807603
-1.359977,-1.004005,-1.02516,2.4235,1.720774
-1.359977,-0.837878,-0.941948,2.423625,1.614442
-1.562755,-0.920933,-0.94503,2.42528,1.482595
-1.359977,-0.422549,-0.442676,2.422193,1.306164
-1.359977,-0.297958,-0.19304,2.41226,1.197301
-1.157199,-0.090293,-0.106746,2.369103,1.037329
-1.562755,-0.214885,0.136726,2.336332,0.966889
-1.765533,0.034298,0.133644,2.304693,0.835269
-1.562755,0.657291,0.635998,2.271529,0.778571
-1.562755,0.491163,0.552786,2.217048,0.778571
-1.157199,0.657291,0.642162,2.156545,0.782036
-1.359977,0.657291,0.63908,2.119704,0.788879
-0.954421,0.40809,0.395608,2.097582,0.816123
-0.548865,0.283499,0.152136,2.020509,0.850921
-0.548865,0.200426,0.152136,1.881206,0.879206
-0.143309,-0.048757,-0.008125,1.85493,0.894818
-0.548865,-0.048757,0.068924,1.774255,1.025924
-0.548865,-0.339494,-0.347136,1.697,1.159528
0.262247,-0.173348,-0.168385,1.660766,1.312704
0.465025,-0.256421,-0.165303,1.583105,1.43073
0.667803,0.034298,-0.495069,1.546086,1.472799
0.870581,-0.381013,-0.491987,1.408038,1.581622
1.073359,-0.339494,-0.322481,1.304345,1.693274
1.478915,-0.256421,-0.233105,1.287828,1.732144
1.276137,0.117371,0.179873,1.188232,1.899877
1.276137,0.158907,0.179873,1.09128,2.006395
1.276137,0.241962,0.263085,0.976644,2.044892
1.276137,0.158907,0.263085,0.878577,2.04709
1.276137,0.283499,0.263085,0.780335,2.04836
1.478915,0.158907,0.182955,0.748153,2.049385
1.478915,-0.090293,0.016531,0.732,2.050916
1.478915,-0.381013,-0.399529,0.732,2.05168
1.478915,-0.256421,-0.149893,0.732,2.058744
1.276137,-0.381013,-0.485823,0.7501,2.14815
1.478915,-0.339494,-0.399529,0.83425,2.198
1.276137,-0.630213,-0.569035,0.921605,2.208264
1.276137,-0.588677,-0.569035,1.038036,2.210273
1.276137,-0.796341,-0.735459,1.158816,2.214064
1.276137,-0.879414,-0.901883,1.213594,2.236138
1.276137,-1.253206,-1.234731,1.27565,2.240543
0.465025,-1.419334,-1.413483,1.371479,2.242053
0.465025,-1.668517,-1.579907,1.495895,2.229781
0.667803,-1.585462,-1.660037,1.602921,2.227781
-0.751643,-1.75159,-1.515186,1.697961,2.227781
-0.954421,-1.502389,-1.435056,1.795299,2.236696
-1.157199,-1.502389,-1.52135,1.875137,2.193457
-1.562755,-1.087061,-1.194666,1.922431,2.137236
-1.359977,-1.004005,-1.02516,2.114696,2.087563
-1.157199,-0.754805,-0.855654,2.211739,1.966193
-0.954421,-0.67175,-0.686148,2.24299,1.802099
-1.562755,-0.256421,-0.279334,2.268028,1.717129
-1.359977,-0.173348,-0.109828,2.30548,1.535852
-1.359977,-0.048757,0.056596,2.275647,1.372884
-1.562755,0.158907,0.552786,2.265447,1.24808
-1.359977,0.200426,0.139808,2.252696,1.192153
-1.157199,0.698827,0.725374,2.224958,1.1355
-1.157199,0.698827,0.55895,2.215072,1.041138
-0.751643,0.781882,0.81475,2.192915,0.954512
-0.751643,1.072619,1.064385,2.14726,0.903449
-0.548865,0.906492,0.901043,2.072906,0.875788
-0.548865,1.238747,0.984255,1.942433,0.812257
-0.143309,1.238747,1.406479,1.88508,0.767736
-0.346087,1.197211,1.236973,1.802328,0.697913
-0.548865,1.072619,1.067467,1.640591,0.664556
-0.143309,1.48793,1.406479,1.547025,0.664556
0.059469,1.155675,1.243137,1.459133,0.664556
0.059469,1.155675,1.243137,1.372508,0.684962
0.262247,1.072619,1.163007,1.329895,0.730993
0.262247,0.823419,0.830159,1.281716,0.742315
0.262247,0.781882,0.830159,1.233612,0.754988
0.262247,0.698827,0.746947,1.159872,0.843754
0.667803,0.740364,0.753111,1.037233,0.943588
0.667803,0.740364,0.669899,0.991713,1.157261
0.667803,0.491163,0.586687,0.957703,1.244976
1.073359,0.449627,0.509639,0.945471,1.345625
0.870581,0.283499,0.256921,0.920326,1.432029
1.276137,0.117371,0.179873,0.885748,1.549327
1.073359,0.241962,0.093579,0.854,1.675128
1.276137,-0.048757,-0.236187,0.854,1.765602
1.276137,0.781882,0.013449,0.854,1.890012
1.478915,-0.505622,-0.565953,0.883752,1.966585
1.276137,-0.505622,-0.485823,0.938098,2.040035
1.276137,-0.962469,-0.901883,0.969899,2.128421
1.276137,-1.004005,-1.068307,1.020795,2.230145
1.073359,-1.170133,-1.154601,1.068114,2.302267
0.667803,-1.377797,-1.327189,1.120201,2.308827
0.667803,-1.543925,-1.576825,1.26562,2.308827
0.465025,-1.75159,-1.663119,1.402298,2.308364
0.262247,-1.793126,-1.915836,1.469969,2.299806
-0.751643,-1.793126,-1.764822,1.562611,2.285095
-1.157199,-1.419334,-1.438138,1.673643,2.278413
-1.562755,-1.21167,-1.028242,1.772464,2.272807
-1.157199,-1.087061,-1.10529,1.902197,2.259325
-1.157199,-0.505622,-1.271714,1.965777,2.216189
-1.562755,-0.920933,-0.94503,2.003924,2.130073
-1.359977,-0.67175,-0.692312,2.11344,1.957076
-1.562755,-0.381013,-0.362546,2.140051,1.855075
-1.359977,-0.214885,-0.359464,2.187251,1.756996
-0.954421,-0.173348,-0.186876,2.255277,1.559869
-1.157199,0.117371,0.14289,2.293539,1.515875
-0.751643,0.491163,0.481902,2.293539,1.449637
-1.157199,0.40809,0.309314,2.292994,1.344447
-1.157199,0.698827,0.642162,2.257588,1.283595
-0.954421,0.781882,0.728456,2.192855,1.234551
-0.954421,0.615755,0.562032,2.159,1.125208
-0.954421,0.491163,0.562032,2.110116,1.029439
-0.954421,0.574218,0.562032,2.0664,0.9593
-0.954421,0.740364,0.728456,2.02414,0.88713
-1.157199,0.864955,0.808586,1.946376,0.862368
-1.157199,0.823419,0.808586,1.865677,0.847843
-0.751643,0.574218,0.565114,1.808302,0.838206
-0.346087,0.574218,0.488065,1.677166,0.827119
-0.346087,0.449627,0.488065,1.610851,0.827119
-0.548865,0.283499,0.235348,1.558155,0.841898
-0.346087,0.158907,0.155217,1.548453,0.866363
-0.143309,0.075835,0.075087,1.530469,1.002026
-0.143309,-0.256421,-0.174549,1.516297,1.158616
-0.143309,-0.381013,-0.340973,1.515027,1.272085
0.059469,-0.796341,-0.753951,1.524472,1.356452
0.059469,-0.920933,-0.920374,1.517493,1.46449
0.059469,-1.087061,-1.003586,1.52141,1.538096
0.262247,-1.170133,-1.083717,1.532101,1.65925
0.667803,-1.004005,-0.911129,1.540613,1.849164
0.667803,-1.087061,-1.077553,1.530089,1.959955
0.870581,-1.045542,-1.074471,1.510245,2.068074
1.276137,-0.879414,-0.901883,1.495755,2.151717
1.276137,-1.045542,-1.068307,1.45406,2.193407
1.276137,-0.962469,-0.901883,1.385163,2.206588
1.276137,-0.713286,-0.652247,1.334132,2.216401
1.478915,-0.505622,-0.482741,1.244281,2.298011
1.478915,-0.464085,-0.482741,1.191863,2.328988
1.276137,-0.381013,-0.402611,1.101971,2.328988
1.276137,-0.173348,-0.152975,1.05183,2.328988
1.073359,-0.297958,-0.239269,1.024925,2.272465
1.276137,0.158907,0.179873,0.987692,2.196645
1.073359,0.325035,0.426427,0.92907,2.106495
1.073359,0.325035,0.343215,0.885225,2.040851
1.073359,0.449627,0.426427,0.87617,1.961411
0.667803,0.158907,0.170627,0.877661,1.872879
0.667803,0.40809,0.337051,0.891965,1.827075
0.262247,0.781882,0.746947,0.923431,1.689675
0.262247,0.823419,0.746947,0.966212,1.565832
0.262247,0.906492,0.996583,0.971298,1.440781
0.059469,1.321802,1.326349,0.972439,1.310332
0.262247,1.072619,1.163007,0.981857,1.157158
0.059469,1.529467,1.742409,0.985554,1.083483
-0.143309,1.321802,1.323267,0.985554,1.033479
0.059469,1.155675,1.159925,1.011678,0.981022
-0.143309,1.238747,1.323267,1.050567,0.897773
-0.143309,1.363339,1.323267,1.101379,0.806022
-0.346087,1.529467,1.486609,1.186195,0.717885
-0.346087,1.321802,1.320185,1.243616,0.653078
-0.143309,1.238747,1.240055,1.343834,0.60027
-0.346087,1.072619,1.153761,1.451028,0.598559
-0.751643,0.989547,0.981174,1.548814,0.592637
-0.954421,0.864955,0.811668,1.635239,0.583392
-1.157199,0.698827,0.725374,1.733772,0.586105
-1.359977,0.823419,0.805504,1.854571,0.617429
-1.359977,0.781882,0.805504,2.012838,0.638097
-1.359977,0.657291,0.63908,2.152077,0.659184
-1.157199,0.532699,0.475738,2.170289,0.694408
-1.157199,0.366572,0.392526,2.181825,0.755692
-1.157199,0.325035,0.226102,2.195058,0.862273
-1.157199,0.034298,-0.023534,2.211,0.977142
-1.359977,-0.13183,-0.19304,2.285338,1.046964
-1.765533,-0.297958,-0.365628,2.350996,1.206545
-1.359977,-0.464085,-0.442676,2.38643,1.349618
-1.359977,-0.505622,-0.6091,2.38788,1.489088
-1.562755,-0.796341,-0.861818,2.398428,1.548275
-1.157199,-0.879414,-0.938866,2.407019,1.633096
-1.359977,-1.087061,-1.191584,2.403283,1.748859
-1.359977,-1.21167,-1.358008,2.391315,1.83643
-1.359977,-1.543925,-1.358008,2.377638,1.946792
-1.157199,-1.834645,-1.854198,2.322885,2.053014
-1.359977,-2.042309,-2.023704,2.3091,2.1456
-1.157199,-1.917717,-1.93741,2.275749,2.155529
-0.751643,-2.125382,-2.09767,2.206057,2.1704
-0.548865,-2.00079,-2.011376,2.167083,2.231701
-0.346087,-2.083845,-2.008294,2.0456,2.345248
0.059469,-2.083845,-2.00213,1.84588,2.382488
0.262247,-1.876181,-1.832624,1.700101,2.490703
1.073359,-1.626998,-1.570661,1.572166,2.523101
1.276137,-1.460853,-1.484367,1.477497,2.535
1.478915,-1.419334,-1.398073,1.399796,2.535
1.478915,-1.336261,-1.314861,1.305162,2.52839
1.478915,-0.879414,-0.815589,1.151078,2.499603
1.276137,-0.754805,-0.818671,1.085522,2.463987
1.478915,-0.796341,-0.732377,0.99749,2.448487
1.478915,-0.505622,-0.482741,0.959049,2.439288
1.478915,-0.381013,-0.399529,0.959049,2.373931
1.478915,-0.422549,-0.482741,0.959049,2.315355
1.478915,-0.464085,-0.482741,0.994526,2.260431
1.478915,-0.339494,-0.316317,1.082032,2.191038
1.073359,-0.588677,-0.572117,1.135499,2.142583
1.073359,-0.67175,-0.655329,1.202173,2.008037
0.870581,-0.754805,-0.658411,1.235638,1.878441
0.667803,-0.547141,-0.495069,1.277152,1.757725
0.465025,-0.547141,-0.498151,1.347288,1.647898
0.262247,-0.505622,-0.501233,1.443827,1.5941
-0.143309,-0.381013,-0.424184,1.552246,1.551863
-0.143309,-0.339494,-0.340973,1.692397,1.492427
-0.346087,-0.505622,-0.510478,1.809995,1.437804
-0.548865,-0.339494,-0.347136,1.858483,1.335928
-0.548865,-0.256421,-0.263924,1.886246,1.231356
-0.751643,-0.297958,-0.267006,1.897347,1.151986
-1.157199,-0.256421,-0.27317,1.939588,1.095206
-0.751643,-0.090293,-0.183794,1.987659,1.017345
-0.346087,0.325035,0.404853,2.003127,0.894805
-1.157199,0.325035,0.226102,2.0085,0.782277
-0.954421,0.366572,0.312396,2.007671,0.715901
-1.157199,0.449627,0.475738,1.959116,0.682426
-0.954421,0.615755,0.645244,1.886668,0.662684
-1.359977,0.698827,0.472656,1.817979,0.636288
-1.157199,0.823419,0.808586,1.76563,0.586916
-1.157199,1.238747,1.224646,1.691263,0.577998
-1.157199,1.238747,1.224646,1.647417,0.577998
-0.954421,1.238747,1.144516,1.581598,0.581435
-0.954421,1.280284,1.227728,1.548325,0.6457
-0.751643,1.238747,1.230809,1.503789,0.695902
-0.751643,1.238747,1.230809,1.40989,0.770177
-0.548865,1.114156,1.067467,1.348737,0.836073
-0.346087,1.072619,1.070549,1.24406,0.935502
-0.548865,0.989547,1.067467,1.191919,1.015927
-0.346087,1.031083,0.987337,1.170578,1.118523
-0.346087,1.031083,0.987337,1.14827,1.265841
0.059469,0.823419,0.910289,1.121271,1.401872
0.262247,0.740364,0.830159,1.097759,1.478505
0.262247,0.781882,0.746947,1.019502,1.522066
0.667803,0.449627,0.503475,0.922574,1.628441
0.870581,0.491163,0.506557,0.860553,1.728848
0.667803,0.366572,0.420263,0.850114,1.785127
1.073359,0.366572,0.426427,0.850114,1.855348
1.073359,0.241962,0.260003,0.850114,1.959064
1.073359,0.200426,0.176791,0.873121,2.047956
1.276137,-0.007221,0.013449,0.903959,2.126675
1.276137,0.283499,0.263085,0.905837,2.2458
1.073359,0.034298,0.093579,0.928061,2.3415
1.478915,-0.214885,-0.233105,0.998551,2.353625
1.478915,-0.214885,-0.149893,1.105718,2.35953
1.478915,-0.588677,-0.565953,1.241409,2.37051
1.478915,-0.713286,-0.649165,1.329201,2.372109
1.478915,-0.713286,-0.732377,1.404202,2.366514
1.276137,-1.004005,-0.901883,1.516801,2.354594
1.073359,-1.128597,-1.071389,1.652106,2.339447
1.073359,-1.087061,-1.071389,1.719061,2.249962
1.073359,-1.170133,-1.653873,1.759423,2.192017
1.073359,-1.668517,-1.653873,1.803595,2.159275
0.870581,-1.793126,-1.740167,1.851292,2.115116
0.465025,-1.959254,-1.912754,1.924063,2.023535
0.465025,-1.626998,-1.829542,2.159507,1.975789
-0.143309,-1.834645,-1.755576,2.260871,1.899327
-0.346087,-1.668517,-1.675446,2.269,1.815767
-0.954421,-1.419334,-1.435056,2.279027,1.658846
-0.954421,-1.253206,-1.102208,2.3261,1.427396
-1.359977,-1.128597,-1.274796,2.335497,1.386739
-0.954421,-0.837878,-0.76936,2.296335,1.344865
-1.359977,-0.630213,-0.6091,2.266397,1.226981
-1.157199,-0.67175,-0.606018,2.253919,1.110928
-1.359977,-0.630213,-0.6091,2.24565,0.974747
-1.359977,-0.090293,-0.026616,2.224941,0.940244
-1.359977,0.034298,-0.026616,2.178294,0.9077
-1.562755,0.158907,0.053514,2.140348,0.866831
-1.359977,0.40809,0.389444,2.031387,0.801749
-1.359977,0.325035,0.22302,1.942483,0.74453
-1.359977,0.200426,0.139808,1.879554,0.700723
-1.157199,0.449627,0.226102,1.778789,0.679699
-1.157199,0.574218,0.55895,1.694553,0.677147
-1.359977,0.906492,0.63908,1.608606,0.677147
-1.157199,0.94801,0.97501,1.56535,0.678412
-0.954421,0.906492,0.89488,1.500914,0.764204
-1.157199,0.989547,0.97501,1.456709,0.816349
-0.751643,0.906492,0.897962,1.374678,0.856718
-0.751643,0.864955,0.81475,1.244471,0.955467
-0.346087,1.321802,1.236973,1.154178,1.010813
-0.346087,0.906492,0.820913,1.14236,1.134379
-0.346087,0.989547,0.904125,1.119749,1.284873
-0.346087,0.906492,0.904125,1.10175,1.376684
-0.346087,0.823419,0.820913,1.1002,1.538621
0.059469,0.823419,0.743865,1.10506,1.687406
-0.143309,0.657291,0.657571,1.095578,1.789577
0.059469,0.657291,0.660653,1.061965,1.848602
0.262247,0.241962,0.247675,1.021796,1.920436
0.870581,0.325035,0.256921,0.849987,1.962513
0.870581,0.200426,0.256921,0.636761,1.972926
1.276137,-0.090293,0.013449,0.6095,1.972926
1.276137,0.117371,0.179873,0.6095,1.972926
1.478915,0.200426,0.266167,0.6095,1.919566
1.276137,0.366572,0.346297,0.628949,1.82974
1.478915,0.325035,0.349379,0.667885,1.739669
1.073359,0.532699,0.592851,0.688622,1.642892
1.276137,0.325035,0.346297,0.70381,1.50265
1.073359,0.449627,0.509639,0.709936,1.32527
1.073359,0.325035,0.260003,0.711367,1.248994
1.073359,0.574218,0.426427,0.724044,1.1607
0.667803,0.906492,0.919535,0.749207,1.028273
0.667803,0.94801,0.919535,0.77665,0.941541
0.667803,0.864955,0.919535,0.830596,0.843318
0.465025,1.280284,1.415725,0.865158,0.72152
0.667803,1.404875,1.335595,0.890635,0.587786
0.465025,1.155675,1.166089,0.974134,0.507811
0.262247,1.155675,1.246219,1.138365,0.504691
0.262247,1.48793,1.412643,1.215332,0.504691
0.059469,1.48793,1.492773,1.29253,0.509131
0.059469,1.737131,1.742409,1.405478,0.514804
-0.143309,1.737131,1.822539,1.477212,0.522157
0.059469,1.48793,1.575985,1.5722,0.535907
-0.143309,1.529467,1.489691,1.710847,0.554312
-0.346087,1.571003,1.569821,1.776664,0.56025
-0.143309,1.48793,1.489691,1.844012,0.638584
-0.143309,1.571003,1.739327,1.915629,0.796092
-0.548865,1.321802,1.317103,1.96912,0.847145
-0.751643,1.363339,1.314021,2.050577,0.936996
-0.548865,1.404875,1.233891,2.107569,0.985509
-0.751643,0.989547,0.981174,2.181691,1.051777
-0.954421,0.781882,0.811668,2.23875,1.172147
-1.157199,0.823419,0.725374,2.245943,1.296452
-1.157199,0.781882,0.808586,2.303346,1.372138
-1.359977,0.491163,0.472656,2.358718,1.489258
-1.562755,0.574218,0.469574,2.368131,1.633911
-1.562755,0.366572,0.219938,2.338669,1.700471
-1.359977,-0.048757,-0.109828,2.23375,1.702871
-1.562755,-0.505622,-0.612182,2.203367,1.697397
-1.157199,-0.713286,-0.68923,2.172608,1.685
-1.157199,-1.253206,-1.354926,2.141686,1.636552
-1.562755,-1.128597,-1.194666,2.099942,1.488728
-1.968311,-1.128597,-1.117618,2.037819,1.43104
-0.751643,-0.713286,-0.683066,1.955742,1.409074
-1.359977,-0.422549,-0.442676,1.84748,1.384746
-0.954421,-0.339494,-0.3533,1.730364,1.349735
-0.751643,-0.090293,-0.183794,1.679692,1.296548
-0.954421,0.075835,0.145972,1.616816,1.235451
-0.548865,0.117371,0.068924,1.545953,1.226971
-0.548865,0.325035,0.235348,1.507301,1.234641
-0.751643,0.449627,0.481902,1.453239,1.25305
-0.548865,0.532699,0.568195,1.392142,1.292356
0.059469,0.075835,-0.005043,1.325201,1.398558
0.059469,0.075835,0.161381,1.260515,1.496919
0.262247,-0.007221,0.081251,1.200826,1.532498
0.262247,0.158907,0.081251,1.145702,1.554083
0.465025,0.366572,0.417181,1.030364,1.673058
0.465025,0.241962,0.167545,0.99189,1.75725
0.870581,0.241962,0.173709,0.964412,1.854
0.870581,0.117371,0.090497,0.933423,1.936992
1.073359,-0.048757,0.010367,0.922033,1.987469
1.073359,-0.048757,0.010367,0.877167,2.043578
1.073359,0.034298,0.010367,0.816156,2.094875
1.276137,0.325035,0.346297,0.816156,2.122774
1.276137,0.366572,0.263085,0.816156,2.139718
1.478915,0.200426,0.266167,0.82234,2.1455
1.276137,0.200426,0.179873,0.857991,2.142
1.478915,0.034298,0.099743,0.904822,2.142
1.478915,-0.13183,-0.066681,1.00443,2.150925
1.276137,-0.256421,-0.152975,1.193094,2.1645
1.276137,-0.381013,-0.402611,1.226306,2.166237
1.276137,-0.754805,-0.652247,1.279043,2.180362
1.073359,-0.547141,-0.488905,1.472726,2.216853
1.073359,-0.879414,-1.071389,1.507124,2.227
0.870581,-1.004005,-0.991259,1.578831,2.227
0.667803,-1.087061,-1.077553,1.661578,2.227526
0.667803,-1.253206,-1.243977,1.754125,2.228601
0.465025,-1.336261,-1.330271,1.867929,2.2385
0.262247,-1.668517,-1.416564,1.943334,2.247975
-0.143309,-1.75159,-1.755576,2.065375,2.247802
-0.346087,-1.75159,-1.84187,2.1899,2.184296
-0.346087,-2.00079,-1.925082,2.232465,1.984125
-1.359977,-1.502389,-1.607644,2.307405,1.751274
-1.157199,-1.460853,-1.52135,2.334669,1.647947
-1.359977,-1.045542,-1.524432,2.360368,1.605164
-1.157199,-1.21167,-1.354926,2.370958,1.565306
-1.562755,-0.879414,-0.94503,2.364179,1.50264
-1.765533,-0.630213,-0.698476,2.394906,1.377001
-1.562755,-0.588677,-0.695394,2.466914,1.284524
-1.562755,-0.422549,-0.445758,2.435086,1.159995
-1.157199,-0.381013,-0.356382,2.344419,1.035885
-1.562755,-0.214885,-0.196122,2.316492,0.890195
-1.765533,0.075835,0.050432,2.309858,0.807542
-1.562755,0.491163,0.635998,2.195331,0.792942
-1.562755,0.823419,0.802422,2.129316,0.775744
-1.157199,0.864955,0.642162,2.009328,0.765191
-0.954421,0.94801,0.89488,1.922287,0.741537
-0.751643,1.197211,1.147597,1.852468,0.675451
-0.751643,1.031083,0.981174,1.776731,0.655901
-0.548865,1.238747,1.233891,1.694391,0.653415
-0.548865,1.072619,1.067467,1.607555,0.653
-0.346087,0.989547,0.987337,1.537793,0.661693
-0.143309,1.072619,1.073631,1.452565,0.681054
-0.143309,1.238747,1.323267,1.370422,0.718741
0.059469,1.404875,1.326349,1.279501,0.773071
-0.143309,1.155675,1.240055,1.180525,0.882886
0.262247,1.072619,1.079795,1.103247,0.987267
0.262247,1.072619,1.079795,1.053533,1.090748
0.667803,0.94801,1.002747,1.032305,1.178767
0.465025,0.781882,0.999665,1.018536,1.2645
0.465025,0.574218,0.666817,0.995579,1.363742
0.667803,0.740364,0.753111,0.974562,1.479952
0.465025,0.989547,0.916453,0.848353,1.529524
0.870581,0.657291,0.589769,0.742253,1.646914
0.870581,0.40809,0.423345,0.73125,1.724744
1.073359,0.325035,0.426427,0.727205,1.860769
1.276137,0.366572,0.429509,0.721442,1.940491
1.276137,0.40809,0.429509,0.718744,2.018946
1.478915,0.283499,0.349379,0.722544,2.130158
1.276137,0.241962,0.346297,0.72795,2.194401
1.478915,0.241962,0.266167,0.739366,2.275268
1.681693,0.158907,0.186037,0.760324,2.323581
1.681693,-0.048757,0.102825,0.837258,2.334287
1.478915,-0.173348,-0.149893,0.950228,2.340462
1.681693,-0.256421,-0.230023,1.035205,2.354154
1.681693,-0.505622,-0.479659,1.107089,2.366428
1.681693,-0.713286,-0.729295,1.183266,2.39508
1.478915,-1.045542,-0.982013,1.299993,2.399912
1.478915,-1.294725,-1.065225,1.406053,2.399912
1.276137,-1.170133,-1.151519,1.533633,2.399725
1.478915,-1.377797,-1.481285,1.625833,2.346204
1.276137,-1.460853,-1.401155,1.718614,2.274114
1.276137,-1.668517,-1.567579,1.776946,2.22751
0.059469,-1.585462,-1.502858,1.863089,2.190654
0.059469,-1.834645,-1.835706,1.934601,2.164973
-0.954421,-1.876181,-1.851116,2.048834,2.081064
-1.157199,-1.585462,-1.687774,2.176986,1.889206
-1.157199,-1.377797,-1.604562,2.199083,1.751199
-1.157199,-1.253206,-1.438138,2.238853,1.699774
-1.157199,-1.045542,-0.772442,2.254362,1.614945
-1.157199,-0.837878,-0.938866,2.30827,1.331716
-1.562755,-0.547141,-0.52897,2.39335,1.249586
-1.562755,-0.422549,-0.445758,2.3965,1.217015
-1.562755,-0.464085,-0.52897,2.3965,1.184592
-1.765533,-0.214885,-0.282416,2.369704,1.143217
-1.562755,-0.090293,-0.196122,2.246255,1.073642
-1.157199,0.075835,-0.023534,2.122235,0.96371
-1.359977,0.200426,0.139808,2.077723,0.851878
-1.562755,0.366572,0.30315,2.029783,0.789045
-1.157199,0.532699,0.475738,2.007197,0.69427
-1.157199,0.574218,0.55895,1.892548,0.66369
-1.157199,0.906492,0.97501,1.774005,0.645793
-0.954421,0.906492,0.811668,1.686016,0.63407
-0.751643,0.906492,0.897962,1.553113,0.627267
-0.954421,1.114156,1.144516,1.513033,0.607511
-0.751643,1.280284,1.230809,1.444696,0.533355
-0.548865,1.238747,1.233891,1.378591,0.510087
-0.751643,1.612539,1.563657,1.340044,0.510087
-0.751643,1.48793,1.563657,1.325548,0.510087
-0.751643,1.571003,1.480445,1.320741,0.579493
-0.143309,1.48793,1.489691,1.313417,0.683856
-0.143309,1.363339,1.406479,1.312248,0.757298
-0.143309,1.072619,1.156843,1.297718,0.830357
-0.346087,1.072619,1.070549,1.20878,0.939033
0.059469,1.155675,1.159925,1.149624,1.028174
0.059469,1.072619,0.993501,1.117084,1.11148
0.059469,0.906492,0.910289,1.093999,1.279692
0.059469,1.072619,0.993501,1.077209,1.364871
0.059469,0.532699,0.577441,1.062956,1.506621
0.667803,0.40809,0.420263,1.051382,1.585354
0.870581,0.325035,0.340133,0.990463,1.661864
0.870581,0.200426,0.256921,0.893573,1.779462
0.870581,0.366572,0.340133,0.890431,1.891881
0.870581,0.40809,0.423345,0.871564,1.948265
1.073359,0.034298,0.010367,0.869134,1.995029
1.276137,-0.090293,-0.069763,0.906332,2.045256
1.276137,-0.214885,-0.069763,0.944907,2.096667
1.478915,-0.381013,-0.316317,1.007133,2.220951
1.478915,-0.630213,-0.565953,1.061373,2.313792
1.478915,-0.713286,-0.649165,1.192625,2.347324
1.276137,-0.879414,-0.735459,1.273612,2.348524
1.478915,-0.796341,-0.815589,1.412516,2.348524
1.478915,-1.128597,-1.148437,1.503278,2.347109
1.073359,-1.377797,-1.321025,1.583971,2.342655
0.870581,-1.585462,-1.490531,1.692496,2.313554
0.870581,-1.834645,-1.823379,1.793579,2.24454
0.465025,-1.917717,-1.995966,1.913144,2.235885
0.262247,-2.125382,-2.08226,1.959791,2.235166
0.262247,-2.166918,-2.165472,2.018465,2.179963
0.059469,-2.00079,-1.918918,2.180204,1.967342
-1.157199,-1.75159,-1.770986,2.220223,1.913584
-0.954421,-1.668517,-1.684692,2.276055,1.86147
-0.954421,-1.336261,-1.435056,2.339654,1.755173
-1.359977,-1.419334,-1.358008,2.3455,1.653331
-1.562755,-1.253206,-1.277878,2.3455,1.477342
-1.562755,-1.004005,-1.028242,2.344875,1.393786
-1.157199,-0.754805,-0.772442,2.326379,1.309517
-1.359977,-0.547141,-0.442676,2.210125,1.211562
-1.562755,-0.381013,-0.362546,2.17364,1.160254
-1.157199,-0.339494,-0.356382,2.1496,1.067429
-1.562755,-0.090293,-0.029698,2.129489,0.922553
-1.562755,-0.13183,0.053514,2.094705,0.821262
-1.562755,0.241962,0.136726,2.026463,0.805161
-1.157199,0.615755,0.55895,1.875655,0.765603
-0.954421,0.40809,0.395608,1.812771,0.736017
-1.157199,0.740364,0.725374,1.75081,0.710571
-1.157199,0.740364,0.725374,1.686302,0.67429
-0.954421,0.698827,0.728456,1.565797,0.67429
-0.954421,1.155675,1.061304,1.504886,0.67429
-0.548865,1.031083,1.233891,1.483175,0.68327
-0.751643,1.072619,1.147597,1.455941,0.806258
-0.548865,1.238747,1.233891,1.441764,0.902104
-0.548865,0.989547,0.984255,1.434132,1.012637
-0.346087,0.864955,0.904125,1.40363,1.120663
-0.346087,0.864955,0.820913,1.302073,1.287488
-0.548865,0.657291,0.568195,1.293966,1.470344
-0.346087,0.574218,0.571277,1.280059,1.589143
0.262247,0.325035,0.330887,1.252358,1.78704
0.059469,0.158907,0.244593,1.240718,1.896244
0.465025,-0.256421,-0.165303,1.228349,2.006901
0.262247,-0.214885,-0.334809,1.180184,2.046935
0.465025,-0.422549,-0.331727,1.039149,2.078974
0.870581,-0.214885,-0.242351,0.953721,2.106147
1.276137,-0.173348,-0.152975,0.886715,2.12924
1.478915,-0.256421,-0.316317,0.781906,2.136366
1.276137,-0.256421,-0.236187,0.724278,2.136366
1.681693,-0.007221,0.102825,0.722,2.129114
1.478915,0.075835,0.099743,0.722,2.078373
1.478915,0.200426,0.182955,0.7245,2.009622
1.478915,0.325035,0.432591,0.78222,1.902287
1.478915,0.241962,0.266167,0.814963,1.85243
1.276137,0.366572,0.429509,0.831258,1.706549
1.276137,0.325035,0.346297,0.844214,1.541785
1.073359,0.117371,0.176791,0.85386,1.442
0.870581,0.325035,0.173709,0.864822,1.362088
0.870581,0.491163,0.506557,0.916703,1.235984
0.667803,0.574218,0.586687,0.941869,1.178597
0.465025,0.657291,0.666817,0.967632,1.125367
0.667803,0.740364,0.753111,0.97527,1.034645
0.465025,0.906492,1.249301,0.984225,0.784369
0.262247,0.906492,0.830159,1.011954,0.590339
0.262247,1.280284,1.246219,1.095403,0.580082
0.059469,1.404875,1.409561,1.198608,0.56839
0.262247,1.280284,1.329431,1.303093,0.543934
0.059469,1.820204,1.825621,1.372621,0.540462
0.059469,2.443179,1.492773,1.484456,0.564804
0.059469,1.571003,1.575985,1.613676,0.578005
-0.346087,1.48793,1.486609,1.740002,0.592796
-0.143309,1.446412,1.156843,1.848861,0.64177
-0.346087,1.363339,1.403397,1.959021,0.740592
-0.751643,1.280284,1.064385,2.021712,0.806477
-0.346087,1.280284,1.320185,2.107658,0.850196
-0.751643,1.197211,1.147597,2.216968,0.938886
-0.548865,1.197211,1.150679,2.319251,1.038712
-0.954421,0.657291,0.728456,2.339845,1.145756
-1.157199,0.615755,0.642162,2.340389,1.241352
-1.562755,0.781882,0.71921,2.353633,1.322788
-1.359977,0.491163,0.472656,2.354686,1.429911
-1.359977,0.283499,0.306232,2.374185,1.583499
-1.157199,-0.13183,-0.189958,2.351951,1.642084
-1.359977,-0.339494,-0.359464,2.321257,1.891429
-1.359977,-0.422549,-0.359464,2.30999,1.996532
-1.562755,-0.547141,-0.612182,2.267184,2.073513
-1.157199,-0.962469,-0.938866,2.204377,2.105644
-1.359977,-0.879414,-0.941948,2.091875,2.292093
-0.954421,-1.294725,-1.351844,1.967113,2.315909
-1.157199,-1.502389,-1.438138,1.929345,2.339769
-0.751643,-1.419334,-1.515186,1.87576,2.369418
-0.346087,-2.00079,-1.925082,1.646745,2.455836
0.059469,-2.083845,-2.00213,1.555386,2.458411
0.262247,-1.959254,-1.999048,1.435886,2.458411
0.667803,-2.042309,-2.076097,1.386306,2.455414
0.870581,-1.834645,-1.906591,1.290767,2.441076
1.073359,-1.75159,-1.737085,1.109541,2.418861
1.276137,-1.668517,-1.650791,1.016178,2.362932
1.073359,-1.253206,-1.154601,0.994441,2.304906
1.276137,-1.045542,-0.985095,0.9897,2.196592
1.478915,-0.962469,-0.898801,0.97962,2.083328
1.681693,-0.713286,-0.646083,0.975431,1.963279
1.276137,-0.547141,-0.485823,0.970032,1.846684
1.478915,-0.547141,-0.565953,0.92818,1.744169
1.276137,-0.339494,-0.319399,0.895288,1.610445
1.073359,-0.214885,-0.156057,0.876072,1.499362
1.073359,-0.256421,-0.239269,0.875214,1.315975
0.667803,0.158907,0.170627,0.870328,1.181144
0.870581,0.241962,0.256921,0.876949,1.073608
0.465025,0.366572,0.333969,0.885496,0.913571
0.667803,0.491163,0.503475,0.900444,0.759541
0.465025,0.989547,0.999665,0.924249,0.595682
0.870581,1.072619,0.756193,1.006842,0.5695
0.870581,1.072619,1.005829,1.105291,0.565543
0.465025,0.989547,0.999665,1.20251,0.556099
0.262247,1.48793,1.329431,1.29307,0.551407
-0.143309,1.654076,1.572903,1.400992,0.538168
0.262247,1.737131,1.745491,1.530905,0.5215
0.059469,1.737131,1.659197,1.646658,0.5215
-0.143309,1.654076,1.656115,1.739095,0.5215
-0.346087,1.48793,1.486609,1.805625,0.53462
-0.346087,1.571003,1.569821,1.884105,0.597967
-0.346087,1.321802,1.320185,2.001946,0.630386
-0.548865,1.404875,1.400315,2.111659,0.744717
-0.751643,1.363339,1.397233,2.22191,0.820834
-0.751643,1.280284,1.314021,2.31343,0.920355
-0.751643,1.321802,1.230809,2.334329,1.022178
-0.954421,0.989547,1.061304,2.344117,1.162384
-0.954421,0.823419,0.811668,2.360537,1.279617
-1.157199,0.823419,0.808586,2.369861,1.402984
-1.359977,0.740364,0.805504,2.372913,1.533778
-1.359977,0.615755,0.63908,2.363039,1.646185
-1.359977,0.40809,0.389444,2.363039,1.817998
-1.157199,-0.048757,-0.023534,2.362076,1.944187
-1.359977,-0.214885,-0.276252,2.340604,2.058468
-1.359977,-0.297958,-0.359464,2.301089,2.144375
-1.359977,-1.004005,-1.02516,2.286155,2.202068
-1.562755,-1.128597,-1.277878,2.188737,2.337
-1.359977,-1.543925,-1.524432,2.062134,2.508525
-1.157199,-1.626998,-1.604562,2.023812,2.556664
-0.954421,-1.75159,-1.767904,1.968774,2.556833
-0.751643,-1.793126,-1.764822,1.87614,2.556833
-0.751643,-2.208437,-2.180882,1.64838,2.54653
-0.751643,-2.499174,-2.347306,1.476426,2.429293
0.262247,-2.333046,-2.331896,1.33739,2.324586
0.667803,-2.083845,-2.076097,1.299442,2.216139
0.667803,-1.917717,-1.826461,1.305,2.100526
0.870581,-1.626998,-1.656955,1.305,1.978815
0.870581,-1.419334,-1.407319,1.305,1.897999
0.870581,-1.21167,-1.240895,1.329265,1.64413
0.870581,-1.087061,-1.074471,1.340212,1.534791
0.870581,-1.004005,-0.991259,1.347427,1.381069
1.073359,-0.547141,-0.488905,1.351276,1.264086
0.667803,-0.630213,-0.661493,1.344137,1.158915
0.465025,-0.505622,-0.498151,1.338104,1.019537
0.059469,-0.256421,-0.254679,1.33425,0.901485
0.059469,-0.007221,-0.005043,1.291701,0.799312
-0.143309,0.491163,0.407935,1.241451,0.746517
0.059469,0.574218,0.660653,1.179719,0.735467
-0.143309,0.823419,0.823995,1.165399,0.727586
-0.143309,1.155675,1.156843,1.117599,0.717619
-0.143309,1.238747,1.240055,1.074662,0.717619
-0.143309,1.321802,1.406479,1.026327,0.72659
0.059469,1.446412,1.409561,1.018799,0.733893
-0.143309,1.529467,1.406479,1.013606,0.762875
0.059469,1.820204,1.742409,0.989293,0.854748
0.059469,1.737131,1.659197,0.980157,0.971411
0.059469,1.695595,1.659197,0.978916,1.073062
-0.143309,1.571003,1.656115,0.938603,1.195008
0.465025,1.571003,1.582149,0.888159,1.2985
0.059469,1.072619,1.076713,0.848324,1.429689
0.262247,1.072619,1.079795,0.825394,1.537392
0.059469,1.072619,0.993501,0.815222,1.662882
0.465025,0.989547,0.999665,0.801759,1.770819
0.465025,0.740364,0.750029,0.768293,1.859906
0.870581,0.574218,0.672981,0.755431,2.041073
0.870581,0.449627,0.423345,0.752112,2.128236
0.870581,0.366572,0.423345,0.746561,2.190396
1.276137,0.366572,0.346297,0.780492,2.285408
1.276137,0.283499,0.346297,0.899742,2.313914
1.276137,0.283499,0.346297,0.991042,2.357736
1.478915,-0.007221,0.099743,1.100324,2.411364
1.478915,-0.007221,0.016531,1.19706,2.446452
1.478915,-0.173348,-0.233105,1.321507,2.453565
1.478915,-0.464085,-0.399529,1.464066,2.453565
1.884471,-0.67175,-0.643001,1.583699,2.451495
1.681693,-0.588677,-0.562871,1.689495,2.430148
1.478915,-0.920933,-0.898801,1.76789,2.424297
1.478915,-1.294725,-1.231649,1.892164,2.417034
1.276137,-1.460853,-1.401155,2.008274,2.40697
1.276137,-1.668517,-1.734003,2.113157,2.3815
1.073359,-1.668517,-1.653873,2.155696,2.29851
0.667803,-2.125382,-2.076097,2.209271,2.166391
-0.751643,-2.083845,-2.09767,2.266482,2.057585
-0.751643,-2.125382,-2.09767,2.329222,1.850704
-1.359977,-1.626998,-1.524432,2.35935,1.720535
-1.359977,-1.336261,-1.44122,2.35935,1.650409
-1.562755,-1.377797,-1.36109,2.356813,1.614357
-1.359977,-1.170133,-1.108372,2.33553,1.579637
-1.359977,-1.045542,-1.108372,2.328622,1.495952
-1.157199,-0.754805,-1.022078,2.304195,1.416315
-1.157199,-0.588677,-0.68923,2.282745,1.325891
-1.157199,-0.588677,-0.606018,2.244676,1.198464
-1.562755,-0.339494,-0.52897,2.209346,1.058472
-1.157199,-0.214885,-0.27317,2.16958,0.933621
-1.157199,0.158907,0.226102,2.109995,0.884179
-1.157199,0.075835,0.059678,2.049956,0.883143
-1.157199,0.117371,0.226102,1.956698,0.872277
-1.359977,0.491163,0.472656,1.783137,0.867031
-0.954421,0.532699,0.47882,1.650849,0.871944
-1.157199,0.40809,0.392526,1.541145,0.919507
-0.954421,0.657291,0.645244,1.434947,0.971648
-0.954421,0.615755,0.645244,1.388543,0.97972
-0.346087,0.657291,0.654489,1.338847,1.071502
-0.346087,0.657291,0.654489,1.237796,1.226159
-0.143309,0.740364,0.823995,1.138949,1.309933
-0.143309,0.906492,0.907207,1.10009,1.318576
0.059469,0.781882,0.743865,1.006887,1.353701
0.262247,0.615755,0.746947,0.897264,1.408261
0.262247,0.40809,0.414099,0.854638,1.455973
0.465025,0.615755,0.583605,0.786704,1.573797
0.667803,0.781882,0.753111,0.772752,1.707711
0.667803,0.574218,0.669899,0.76773,1.795534
0.870581,0.40809,0.423345,0.767204,1.861821
0.870581,0.283499,0.423345,0.770338,1.97254
1.276137,0.491163,0.512721,0.777936,2.068208
1.478915,0.449627,0.432591,0.80227,2.143342
1.073359,0.325035,0.343215,0.859833,2.146719
1.276137,0.200426,0.263085,0.966983,2.146719
1.073359,0.200426,0.260003,1.086074,2.145147
1.478915,-0.007221,0.016531,1.123984,2.128028
1.478915,-0.297958,-0.149893,1.235226,2.117124
1.478915,-0.256421,-0.233105,1.350705,2.089423
1.073359,-0.422549,-0.405693,1.464812,2.055895
1.276137,-0.588677,-0.569035,1.5446,2.042932
1.073359,-0.879414,-0.904965,1.640523,2.009981
1.073359,-0.962469,-0.904965,1.716827,1.908604
0.667803,-1.045542,-0.911129,1.874661,1.762586
0.465025,-1.170133,-1.163847,1.942488,1.695159
0.262247,-1.21167,-1.250141,2.05699,1.682342
-0.143309,-1.253206,-1.256304,2.0655,1.674725
-0.143309,-1.170133,-1.173092,2.07375,1.666793
-0.548865,-1.253206,-1.262468,2.07446,1.657352
-0.954421,-1.294725,-1.268632,2.041075,1.656379
-1.157199,-1.004005,-1.022078,2.020782,1.580876
-1.157199,-1.004005,-1.022078,1.991386,1.517
-0.751643,-0.920933,-0.932702,1.977858,1.517
-1.157199,-0.962469,-0.938866,1.97321,1.51675
-0.954421,-0.754805,-0.76936,1.92935,1.495863
-0.954421,-0.713286,-0.76936,1.837491,1.454593
-0.751643,-0.67175,-0.683066,1.718969,1.401474
-0.751643,-0.339494,-0.267006,1.533384,1.404856
-0.751643,-0.422549,-0.350218,1.434327,1.400835
-0.751643,-0.214885,-0.183794,1.311701,1.398202
-0.346087,-0.007221,-0.011206,1.1798,1.395788
-0.346087,0.075835,0.072006,1.119237,1.387061
-0.548865,0.200426,0.484984,1.0855,1.311238
0.059469,0.40809,0.411017,1.045546,1.254146
0.465025,0.574218,0.583605,0.970597,1.214766
0.465025,0.574218,0.583605,0.937189,1.162656
0.262247,0.532699,0.580523,0.937189,1.087474
0.465025,0.906492,0.833241,0.937189,1.052692
0.465025,1.114156,1.166089,0.958122,1.000955
0.465025,0.989547,0.916453,1.005685,0.932629
0.465025,0.989547,0.999665,1.066603,0.873749
0.262247,0.989547,1.079795,1.121605,0.803106
0.262247,1.031083,0.996583,1.208325,0.682581
0.667803,1.446412,1.418807,1.276952,0.648351
0.262247,1.072619,1.079795,1.367985,0.643477
-0.143309,1.48793,1.323267,1.520645,0.641679
-0.548865,1.321802,1.400315,1.61679,0.642553
-0.143309,1.238747,1.240055,1.725721,0.647813
-0.548865,1.114156,0.901043,1.883981,0.663636
-0.751643,0.94801,0.981174,2.01567,0.688816
-0.751643,0.740364,0.81475,2.096592,0.718863
-1.157199,0.740364,0.725374,2.117942,0.817316
-0.954421,0.740364,0.728456,2.204975,0.919477
-1.157199,0.740364,0.725374,2.298449,1.03554
-1.359977,0.241962,0.139808,2.366346,1.180337
-1.157199,0.117371,0.059678,2.404617,1.324144
-1.562755,-0.13183,-0.11291,2.406199,1.477368
-1.359977,-0.464085,-0.525888,2.406199,1.594222
-1.562755,-0.588677,-0.695394,2.384818,1.799226
-1.562755,-0.588677,-0.695394,2.361962,1.841118
-1.562755,-1.087061,-1.028242,2.323018,1.869204
-1.359977,-1.004005,-1.02516,2.258842,1.885685
-1.359977,-1.170133,-1.191584,2.208267,1.92439
-0.954421,-1.253206,-1.268632,2.174917,2.118519
-1.157199,-1.834645,-1.770986,2.102836,2.186985
-0.954421,-1.876181,-1.934328,1.855207,2.311913
-0.548865,-1.959254,-2.011376,1.765807,2.350554
-0.346087,-2.00079,-2.008294,1.683992,2.381618
-0.143309,-2.00079,-2.005212,1.611203,2.414192
0.870581,-1.668517,-1.656955,1.545713,2.454568
1.276137,-1.419334,-1.401155,1.455549,2.481215
1.276137,-1.294725,-1.317943,1.302713,2.489836
1.276137,-1.004005,-0.985095,1.195845,2.489836
1.478915,-1.087061,-1.065225,1.164539,2.489836
1.478915,-0.920933,-0.898801,1.050886,2.474099
1.681693,-0.754805,-0.646083,0.940958,2.431832
1.478915,-0.464085,-0.482741,0.815023,2.40673
1.478915,-0.547141,-0.482741,0.750969,2.318606
1.478915,-0.297958,-0.233105,0.718936,2.206553
1.478915,-0.256421,-0.149893,0.706639,2.103332
1.478915,-0.173348,-0.149893,0.698871,2.036395
1.478915,0.200426,0.266167,0.677101,1.90822
1.276137,0.117371,0.263085,0.676701,1.786346
1.276137,0.325035,0.346297,0.676701,1.672125
1.073359,0.283499,0.343215,0.676701,1.463649
1.276137,0.740364,0.762357,0.676701,1.392184
0.870581,0.781882,0.756193,0.692164,1.338736
0.870581,0.740364,0.756193,0.749056,1.283009
0.667803,1.072619,1.002747,0.802408,1.207709
0.870581,0.823419,0.839405,0.842993,1.149976
0.667803,0.864955,0.919535,0.931064,0.862439
0.465025,1.114156,1.249301,1.059364,0.709129
0.262247,1.155675,1.246219,1.125404,0.636848
0.262247,1.155675,1.163007,1.210903,0.626625
0.465025,1.238747,1.166089,1.259797,0.616654
0.262247,1.404875,1.495855,1.341284,0.605396
0.059469,1.48793,1.659197,1.422769,0.6055
-0.346087,1.612539,1.569821,1.493383,0.601456
-0.548865,1.48793,1.400315,1.616282,0.587889
-0.548865,1.280284,1.400315,1.790169,0.587889
-0.548865,0.989547,1.067467,1.908337,0.591836
-0.751643,0.989547,0.897962,1.99604,0.644702
-0.548865,1.155675,1.150679,2.067158,0.712753
-0.954421,1.031083,0.978092,2.132191,0.851562
-1.157199,1.031083,0.97501,2.241659,0.926101
-0.954421,0.864955,0.811668,2.328831,0.999409
-1.157199,0.740364,0.725374,2.344585,1.087665
-1.359977,0.657291,0.63908,2.363332,1.210563
-1.359977,0.657291,0.555868,2.383767,1.314141
-1.157199,0.491163,0.392526,2.370714,1.410073
-1.562755,0.491163,0.386362,2.384294,1.460016
-1.359977,0.034298,0.056596,2.385871,1.743178
-1.562755,-0.048757,-0.029698,2.38005,1.874486
-1.359977,-0.422549,-0.359464,2.353917,1.949428
-1.562755,-0.297958,-0.362546,2.276875,2.003378
-1.765533,-0.588677,-0.781688,2.1509,2.056647
-1.359977,-1.21167,-1.274796,2.012472,2.229255
-1.157199,-1.294725,-1.10529,1.918154,2.28761
-1.157199,-1.502389,-1.188502,1.886467,2.330625
-1.359977,-1.626998,-1.607644,1.855043,2.393924
0.465025,-1.543925,-1.579907,1.78308,2.40687
1.073359,-1.419334,-1.404237,1.599447,2.40687
1.073359,-1.460853,-1.404237,1.440829,2.404766
1.276137,-0.962469,-0.985095,1.32728,2.392606
1.073359,-0.796341,-0.821753,1.264416,2.384825
1.276137,-0.754805,-0.735459,1.179958,2.348957
1.276137,-0.464085,-0.485823,0.9945,2.308211
1.276137,-0.339494,-0.319399,0.943068,2.243268
1.478915,-0.090293,-0.149893,0.940077,2.130605
1.276137,-0.090293,-0.069763,0.933311,1.985443
1.276137,-0.048757,0.013449,0.918553,1.851393
1.073359,-0.007221,0.010367,0.890419,1.74264
0.870581,0.158907,0.256921,0.874555,1.653422
0.667803,0.491163,0.503475,0.863817,1.504327
0.667803,0.491163,0.586687,0.863817,1.426651
0.870581,1.031083,1.089041,0.873282,1.22581
0.262247,1.155675,1.079795,0.94999,1.055977
0.059469,1.114156,1.076713,0.983875,0.958859
0.262247,1.197211,1.163007,0.986805,0.852187
0.059469,1.404875,1.409561,1.001084,0.694933
-0.143309,1.571003,1.572903,1.047951,0.663102
-0.143309,1.612539,1.572903,1.124769,0.663102
-0.346087,1.446412,1.486609,1.212074,0.663102
0.059469,1.404875,1.409561,1.362855,0.671632
-0.143309,1.238747,1.323267,1.480139,0.690625
-0.346087,1.197211,1.153761,1.606017,0.695549
-0.346087,0.94801,0.987337,1.732383,0.703331
-0.548865,0.864955,0.901043,1.853029,0.71047
-0.548865,0.864955,0.817831,1.96475,0.737707
-0.954421,0.823419,0.811668,1.985812,0.942413
-0.954421,0.574218,0.645244,2.009159,1.14603
-0.954421,0.698827,0.645244,2.033291,1.244806
-0.954421,0.117371,0.145972,2.102389,1.290691
-0.954421,0.034298,0.06276,2.159066,1.472519
-1.359977,-0.173348,-0.19304,2.211669,1.622064
-1.359977,-0.422549,-0.525888,2.211297,1.726147
-1.157199,-0.630213,-0.606018,2.1643,1.804745
-1.157199,-0.630213,-0.606018,2.12725,1.875721
-1.157199,-0.962469,-1.022078,2.094183,2.013163
-0.751643,-1.294725,-1.26555,2.054037,2.063798
-1.157199,-1.419334,-1.438138,2.009436,2.148662
-0.954421,-1.419334,-1.435056,1.98425,2.266738
0.465025,-1.959254,-1.995966,1.923861,2.307093
0.667803,-1.834645,-1.743249,1.765282,2.32504
0.870581,-1.793126,-1.740167,1.532592,2.354769
1.073359,-1.668517,-1.653873,1.439773,2.386331
1.276137,-1.543925,-1.484367,1.388512,2.386331
1.276137,-1.21167,-1.151519,1.348978,2.386331
1.276137,-0.879414,-0.901883,1.28106,2.366102
1.276137,-0.879414,-0.901883,1.105769,2.290503
1.478915,-0.796341,-0.649165,1.047488,2.159475
1.276137,-0.547141,-0.485823,1.016116,1.9833
1.276137,-0.381013,-0.319399,0.976737,1.860319
1.073359,-0.13183,-0.156057,0.949286,1.74925
0.870581,-0.256421,-0.242351,0.915086,1.646701
0.870581,-0.048757,0.007285,0.90325,1.544898
0.667803,0.034298,0.170627,0.904,1.454772
0.667803,0.200426,0.170627,0.904,1.305018
0.667803,0.657291,0.669899,0.938507,1.177693
0.667803,0.823419,0.836323,0.99306,1.055646
0.667803,0.740364,0.753111,1.016225,0.927894
0.465025,1.072619,0.999665,1.04225,0.839698
0.262247,0.989547,0.996583,1.068921,0.734743
0.667803,1.48793,1.418807,1.115834,0.653208
0.262247,1.48793,1.412643,1.197253,0.6485
-0.143309,1.48793,1.406479,1.259725,0.6485
0.059469,1.404875,1.409561,1.350459,0.653083
-0.346087,1.571003,1.569821,1.433728,0.671979
-0.548865,1.404875,1.483527,1.539002,0.69962
-0.346087,1.238747,1.236973,1.646596,0.725033
-0.346087,0.989547,1.070549,1.765978,0.741384
-0.548865,0.864955,0.901043,1.857101,0.80885
-0.751643,0.740364,0.81475,1.909612,0.90721
-0.751643,0.698827,0.565114,1.956144,0.992012
-0.751643,0.40809,0.315478,2.009362,1.084982
-0.346087,0.283499,0.321641,2.165977,1.13875
-0.954421,-0.173348,-0.270088,2.234783,1.236213
-1.157199,-0.256421,-0.189958,2.261968,1.326952
-1.359977,-0.464085,-0.442676,2.261968,1.331618
-1.157199,-0.464085,-0.522806,2.234051,1.335897
-0.954421,-0.505622,-0.519724,2.131854,1.375154
-0.954421,-0.422549,-0.436512,2.034347,1.413253
-0.954421,-0.214885,-0.270088,1.910016,1.469126
-1.157199,-0.297958,-0.27317,1.821719,1.477339
-1.562755,-0.339494,-0.362546,1.717098,1.520685
-0.548865,0.574218,0.484984,1.663511,1.545833
-0.143309,-0.422549,-0.424184,1.535174,1.558325
0.262247,-0.090293,-0.085173,1.364374,1.585182
0.262247,-0.007221,-0.085173,1.179838,1.598564
0.667803,0.283499,0.337051,1.079673,1.611655
0.667803,0.40809,0.337051,1.02254,1.618911
0.667803,0.241962,0.253839,0.9448,1.684629
1.073359,0.40809,0.509639,0.917877,1.74019
1.276137,0.574218,0.595933,0.852199,1.802882
1.276137,0.491163,0.512721,0.760244,1.889339
1.073359,0.449627,0.509639,0.691157,2.000663
1.073359,0.491163,0.426427,0.688029,2.061404
1.478915,0.491163,0.515803,0.688029,2.124749
1.478915,0.449627,0.515803,0.706389,2.150106
1.478915,0.283499,0.515803,0.787987,2.159745
1.478915,0.40809,0.432591,0.855719,2.186301
1.478915,-0.007221,0.099743,0.91209,2.244454
1.478915,0.034298,-0.066681,0.980294,2.310233
1.478915,-0.214885,-0.233105,1.078148,2.360601
1.478915,-0.547141,-0.482741,1.193673,2.368652
1.478915,-0.505622,-0.482741,1.337162,2.368652
1.276137,-0.713286,-0.735459,1.452366,2.371196
1.478915,-1.004005,-0.898801,1.557628,2.37537
1.276137,-1.128597,-1.234731,1.665744,2.370495
1.276137,-1.294725,-1.234731,1.76981,2.34841
1.478915,-1.585462,-1.564497,1.864338,2.285559
0.465025,-1.917717,-1.912754,1.932761,2.275
0.465025,-2.042309,-2.079178,1.969625,2.25725
0.262247,-2.00079,-1.915836,2.00344,2.179243
-0.751643,-2.00079,-1.931246,2.083285,2.059899
-0.751643,-1.917717,-1.931246,2.209,1.9373
-0.954421,-1.668517,-1.684692,2.251625,1.841
-0.954421,-1.419334,-1.518268,2.317859,1.724896
-1.157199,-1.336261,-1.354926,2.320574,1.660418
-1.157199,-1.21167,-1.271714,2.316824,1.603678
-1.359977,-1.004005,-1.02516,2.313788,1.475097
-1.359977,-0.754805,-0.858736,2.292774,1.393081
-1.157199,-0.67175,-0.68923,2.264624,1.303906
-0.954421,-0.713286,-0.686148,2.137823,1.10989
-1.562755,-0.13183,-0.196122,2.113397,0.995981
-1.562755,0.034298,0.053514,2.021426,0.944621
-1.359977,0.366572,0.056596,1.951661,0.91685
-1.562755,0.532699,0.552786,1.88141,0.896257
-1.359977,0.491163,0.472656,1.831699,0.860869
-0.954421,0.574218,0.562032,1.739512,0.810086
-0.954421,0.574218,0.562032,1.672186,0.739774
-0.954421,0.823419,0.89488,1.556765,0.736326
-0.954421,1.072619,0.89488,1.447777,0.736326
-0.548865,1.031083,1.067467,1.401483,0.739137
-0.751643,1.072619,1.064385,1.324575,0.803442
-0.751643,1.280284,1.230809,1.289436,0.908593
-0.346087,1.031083,0.987337,1.265919,0.99534
-0.143309,1.031083,0.740783,1.226915,1.046867
-0.346087,0.823419,0.737701,1.149485,1.113782
-0.143309,0.657291,0.740783,1.061112,1.184794
-0.143309,0.823419,0.823995,1.011047,1.218747
-0.346087,1.363339,1.569821,0.957625,1.317314
0.262247,0.781882,0.830159,0.952,1.421151
0.262247,0.657291,0.580523,0.940203,1.521034
0.465025,0.657291,0.583605,0.927159,1.620277
0.465025,0.40809,0.500393,0.915918,1.701676
0.870581,0.657291,0.672981,0.903712,1.753219
1.073359,0.532699,0.592851,0.90948,1.852122
0.667803,0.40809,0.420263,0.913,1.936453
1.073359,0.40809,0.426427,0.913,2.000789
1.073359,0.325035,0.426427,0.92683,2.044993
1.073359,0.40809,0.426427,1.034326,2.074282
1.073359,0.241962,0.260003,1.123543,2.094264
1.276137,0.241962,0.263085,1.188225,2.127768
1.276137,0.158907,0.179873,1.281125,2.179673
1.276137,0.075835,0.013449,1.353554,2.1991
1.073359,-0.381013,-0.322481,1.43011,2.206426
1.276137,-0.588677,-0.485823,1.502252,2.221655
1.073359,-0.713286,-0.738541,1.635054,2.215723
1.276137,-0.879414,-0.818671,1.808578,2.2015
1.073359,-1.045542,-1.071389,1.893672,2.19605
1.073359,-1.294725,-1.237813,2.085245,2.165911
0.667803,-1.502389,-1.493613,2.174275,2.126022
0.667803,-1.502389,-1.493613,2.253155,2.092836
0.465025,-1.585462,-1.579907,2.257,2.037687
0.059469,-1.585462,-1.669282,2.260327,1.930335
-0.143309,-1.876181,-1.838788,2.310445,1.7699
-0.954421,-2.125382,-2.183964,2.365197,1.73425
-1.359977,-1.710053,-1.940492,2.390346,1.680688
-1.157199,-1.253206,-1.271714,2.42075,1.562823
-0.954421,-1.087061,-1.18542,2.424,1.419821
-1.157199,-1.045542,-1.022078,2.424375,1.182985
-1.157199,-0.796341,-0.855654,2.428063,1.103871
-1.359977,-0.713286,-0.6091,2.372554,1.063051
-1.359977,-0.630213,-0.6091,2.28049,1.037464
-1.765533,-0.256421,-0.282416,2.26588,0.987571
-1.359977,0.075835,-0.026616,2.24136,0.883907
-1.359977,0.075835,-0.026616,2.2197,0.718593
-1.359977,0.200426,0.139808,2.214973,0.652113
-1.157199,0.283499,0.226102,2.115598,0.650932
-1.359977,0.449627,0.472656,1.977118,0.645075
-1.157199,0.574218,0.55895,1.909123,0.639337
-1.359977,0.740364,0.722292,1.79325,0.639337
-1.359977,0.740364,0.722292,1.715724,0.631307
-1.359977,1.031083,0.805504,1.587459,0.619905
-1.157199,1.280284,1.307858,1.500482,0.618424
-1.359977,1.031083,1.05514,1.384,0.618424
-1.157199,0.906492,0.97501,1.306431,0.618942
-0.751643,1.072619,0.897962,1.271191,0.681522
-0.751643,1.114156,1.064385,1.207154,0.797254
-0.751643,1.197211,1.230809,1.159202,0.888644
-0.346087,1.737131,1.653033,1.081265,0.938288
-0.346087,1.529467,1.486609,1.069,0.972201
-0.143309,1.48793,1.489691,1.041295,1.054122
-0.346087,1.031083,0.987337,0.955505,1.164434
0.059469,1.238747,1.243137,0.898015,1.371024
0.262247,1.155675,1.246219,0.852746,1.50225
0.059469,1.155675,1.159925,0.789273,1.591137
0.262247,1.197211,1.246219,0.750032,1.66965
0.465025,0.989547,1.082877,0.746063,1.76983
0.667803,0.989547,1.002747,0.746063,1.8957
1.073359,0.823419,0.842487,0.746063,1.991193
1.073359,0.823419,0.842487,0.766893,2.093912
1.073359,0.740364,0.759275,0.816948,2.125863
1.073359,0.657291,0.676063,0.876467,2.16084
1.073359,0.574218,0.592851,0.917981,2.243336
1.276137,0.491163,0.512721,0.955912,2.338694
1.073359,0.449627,0.509639,1.018587,2.361081
1.478915,0.158907,0.182955,1.160385,2.361081
1.073359,0.158907,0.093579,1.29459,2.361081
1.276137,0.075835,0.179873,1.345989,2.352737
1.276137,0.117371,0.179873,1.421581,2.2585
1.681693,-0.381013,-0.396447,1.550326,2.165055
1.681693,-0.422549,-0.313235,1.671898,2.148577
1.478915,-0.464085,-0.482741,1.788436,2.133698
1.478915,-0.796341,-0.815589,1.84009,2.113641
1.073359,-0.713286,-0.655329,1.929803,1.991447
1.073359,-1.087061,-1.071389,2.044134,1.802927
1.478915,-1.377797,-1.314861,2.09595,1.719738
0.870581,-1.460853,-1.407319,2.151357,1.6895
-0.143309,-1.419334,-1.422728,2.332413,1.638584
-0.346087,-1.668517,-1.592234,2.410418,1.535216
-0.346087,-1.377797,-1.592234,2.417359,1.436784
-0.346087,-1.502389,-1.509022,2.417359,1.319121
-0.548865,-1.502389,-1.512104,2.383272,1.210444
-1.157199,-0.837878,-0.772442,2.307247,1.115567
-1.157199,-0.879414,-0.855654,2.296966,0.975495
-1.359977,-0.837878,-0.941948,2.276795,0.879837
-1.359977,-0.547141,-0.442676,2.264862,0.810966
-1.359977,-0.339494,-0.359464,2.213741,0.755842
-1.157199,-0.214885,-0.189958,2.16329,0.70919
-1.359977,0.075835,0.056596,2.002702,0.676425
-1.562755,0.200426,0.219938,1.870769,0.63775
-1.562755,0.325035,0.30315,1.773734,0.597134
-1.359977,0.449627,0.472656,1.702464,0.573783
-1.359977,0.449627,0.472656,1.623194,0.57487
-1.359977,0.657291,0.555868,1.517371,0.578255
-1.359977,0.532699,0.555868,1.386599,0.578934
-1.359977,0.740364,0.805504,1.310095,0.588195
-1.157199,1.072619,0.97501,1.253374,0.599092
-0.954421,0.94801,0.89488,1.148795,0.63901
-0.751643,1.072619,1.064385,1.122096,0.736689
-0.548865,1.197211,1.233891,1.096117,0.792678
-0.954421,1.197211,1.227728,1.093731,0.840758
-0.346087,1.48793,1.486609,1.085312,0.923142
-0.548865,1.446412,1.400315,1.083595,0.985131
0.059469,1.48793,1.575985,1.073649,1.063212
-0.143309,1.571003,1.572903,1.056737,1.202724
-0.143309,1.529467,1.572903,0.980662,1.350308
-0.143309,1.571003,1.406479,0.929954,1.495408
-0.143309,1.404875,1.323267,0.903064,1.598012
0.059469,1.155675,1.159925,0.883249,1.724237
-0.346087,1.321802,1.236973,0.856952,1.859066
0.870581,0.906492,1.005829,0.788099,1.970652
0.465025,0.574218,0.500393,0.773004,2.07521
0.667803,0.366572,0.420263,0.773004,2.169684
0.667803,0.158907,0.170627,0.773004,2.215986
1.073359,0.158907,0.176791,0.801867,2.227576
1.073359,0.283499,0.343215,0.878105,2.235388
1.276137,0.325035,0.346297,0.939783,2.252517
1.478915,0.325035,0.266167,0.999661,2.289548
1.478915,0.241962,0.349379,1.073092,2.333056
1.276137,0.325035,0.346297,1.16913,2.333932
1.478915,-0.13183,-0.149893,1.26491,2.333932
1.478915,-0.173348,-0.149893,1.356248,2.342949
1.478915,-0.339494,-0.316317,1.428872,2.303828
1.478915,-0.505622,-0.565953,1.516157,2.251412
1.478915,-0.464085,-0.482741,1.618777,2.21314
1.478915,-0.713286,-0.649165,1.741526,2.187895
1.681693,-1.128597,-1.062143,1.865446,2.153715
1.478915,-1.128597,-1.065225,1.989431,2.139257
1.478915,-1.294725,-1.231649,2.030729,2.113211
1.478915,-1.336261,-1.314861,2.127325,2.065611
0.667803,-1.834645,-1.826461,2.205923,1.920576
0.465025,-1.75159,-1.912754,2.215259,1.745174
0.262247,-1.75159,-1.749412,2.229044,1.612
-0.954421,-1.668517,-1.60148,2.237267,1.590497
-0.548865,-1.460853,-1.76174,2.336052,1.495919
-1.359977,-1.087061,-1.108372,2.348954,1.279488
-1.157199,-1.128597,-1.022078,2.348954,1.251603
-1.359977,-0.920933,-0.941948,2.334194,1.2347
-1.562755,-0.630213,-0.695394,2.285417,1.1952
-1.157199,-0.630213,-0.68923,2.230133,1.146469
-1.359977,-0.381013,-0.442676,2.053688,1.110905
-1.157199,-0.547141,-0.522806,2.016876,1.106031
-1.359977,-0.422549,-0.359464,2.000697,1.105541
-0.954421,-0.173348,-0.186876,1.864464,1.105541
-1.157199,0.034298,0.226102,1.68735,1.105541
-1.157199,0.117371,0.059678,1.585646,1.104156
-1.562755,0.283499,0.219938,1.489844,1.097966
-1.157199,0.698827,0.725374,1.431975,1.062198
-0.548865,0.40809,0.401772,1.374487,1.034347
-0.346087,0.574218,0.571277,1.266697,1.033947
-0.143309,0.532699,0.491147,1.171221,1.033947
-0.143309,0.657291,0.574359,1.107151,1.036425
-0.346087,0.989547,1.070549,1.041967,1.110093
-0.143309,1.321802,0.740783,0.961028,1.21878
0.059469,0.740364,0.827077,0.872667,1.322075
0.059469,0.823419,0.827077,0.778359,1.381484
0.465025,0.615755,0.666817,0.699862,1.43499
0.262247,0.657291,0.663735,0.673988,1.559423
0.262247,0.698827,0.746947,0.652529,1.638497
0.667803,0.94801,1.002747,0.640302,1.745067
0.870581,0.94801,1.005829,0.623422,1.909266
0.870581,0.864955,0.922617,0.620504,2.031185
1.276137,0.698827,0.762357,0.618594,2.107143
1.276137,0.698827,0.679145,0.621777,2.156675
1.073359,0.781882,0.842487,0.633753,2.187493
1.478915,0.40809,0.432591,0.739736,2.203489
1.478915,0.491163,0.515803,0.871251,2.210512
1.478915,0.657291,0.349379,0.928033,2.222704
1.681693,0.283499,0.352461,1.013632,2.23221
1.681693,0.325035,0.352461,1.104039,2.275794
1.478915,0.283499,0.266167,1.200058,2.307129
1.276137,-0.007221,0.013449,1.319786,2.312145
1.478915,-0.173348,-0.149893,1.458186,2.313016
1.478915,-0.381013,-0.233105,1.546037,2.311137
1.478915,-0.297958,-0.316317,1.618704,2.306271
1.276137,-0.381013,-0.402611,1.738698,2.296891
1.073359,-0.464085,-0.488905,1.838124,2.287204
1.478915,-1.087061,-1.065225,1.917243,2.245948
1.681693,-1.21167,-1.145355,2.00025,2.16782
0.870581,-1.502389,-1.490531,2.009,2.066644
0.059469,-1.502389,-1.58607,2.010447,1.94524
-0.346087,-1.75159,-1.758658,2.057011,1.756504
-0.346087,-1.876181,-1.84187,2.068271,1.694849
-0.548865,-1.75159,-1.76174,2.066234,1.555618
-0.751643,-1.585462,-1.515186,2.062771,1.29836
-0.751643,-1.294725,-1.26555,2.062771,1.157015
-0.954421,-0.588677,-0.602936,2.064498,0.998995
-0.548865,-0.796341,-0.763196,2.076658,0.944152
-0.954421,-0.339494,-0.270088,2.079,0.889805
-0.954421,-0.339494,-0.3533,2.079,0.808948
-0.954421,-0.173348,-0.186876,2.107995,0.682411
-1.359977,0.241962,0.056596,2.198011,0.575318
-1.157199,0.491163,0.475738,2.218518,0.575318
-1.157199,0.491163,0.475738,2.243418,0.575318
-1.157199,0.698827,0.642162,2.254569,0.599087
-1.359977,0.574218,0.472656,2.2595,0.65576
-1.157199,0.823419,0.891798,2.263129,0.754836
-1.157199,0.823419,0.891798,2.328556,0.906682
-1.157199,0.906492,0.891798,2.4246,1.002692
-0.954421,0.657291,0.645244,2.45754,1.06252
-1.359977,0.574218,0.555868,2.461575,1.129337
-1.562755,0.574218,0.635998,2.4665,1.263219
-1.359977,0.40809,0.389444,2.456088,1.398121
-1.359977,0.283499,0.306232,2.447941,1.528464
-1.562755,0.200426,0.219938,2.427738,1.684121
-1.765533,0.034298,-0.03278,2.418132,1.808046
-1.359977,0.034298,-0.026616,2.405614,1.893648
-1.157199,-0.214885,-0.439594,2.388379,1.920489
-1.359977,-0.630213,-0.692312,2.300845,1.99244
-1.562755,-0.630213,-0.695394,2.215336,2.094134
-1.157199,-0.920933,-0.855654,2.026174,2.278725
-1.359977,-0.879414,-0.858736,1.862301,2.428503
-1.765533,-1.460853,-1.447384,1.769786,2.456573
-1.562755,-1.502389,-1.527514,1.657707,2.474521
0.870581,-1.834645,-1.823379,1.593192,2.474571
0.870581,-1.959254,-1.989803,1.438375,2.474571
1.276137,-1.294725,-1.317943,1.343071,2.46066
1.478915,-1.253206,-1.231649,1.246941,2.452825
1.478915,-1.004005,-0.898801,1.110542,2.443173
1.276137,-1.045542,-0.985095,1.073245,2.386346
1.478915,-0.796341,-0.815589,1.054629,2.297201
1.681693,-0.256421,-0.230023,1.022534,2.168925
1.478915,-0.381013,-0.316317,1.003928,2.046195
1.276137,-0.547141,-0.402611,1.002503,1.932499
1.073359,-0.214885,-0.156057,0.983637,1.828567
1.073359,-0.007221,0.093579,0.948,1.741762
0.870581,0.075835,0.090497,0.948,1.644276
0.870581,0.158907,0.090497,0.948,1.53168
1.073359,0.574218,0.592851,0.950402,1.449589
0.667803,0.491163,0.420263,0.985581,1.367718
0.465025,0.615755,0.583605,1.018648,1.213324
0.465025,0.740364,0.750029,1.034841,1.073698
0.262247,0.657291,0.746947,1.050026,0.841121
0.262247,0.823419,0.830159,1.068774,0.713833
0.059469,1.072619,1.076713,1.106374,0.656931
0.059469,1.155675,1.159925,1.19016,0.643075
-0.143309,1.197211,1.406479,1.269867,0.642367
0.059469,1.238747,1.243137,1.345403,0.643167
0.059469,1.654076,1.659197,1.435423,0.64484
-0.346087,1.238747,1.153761,1.536413,0.671991
-0.346087,1.155675,1.070549,1.585508,0.710627
-0.346087,1.155675,1.070549,1.615155,0.775868
-0.548865,1.238747,1.233891,1.627263,0.850935
-0.548865,1.197211,1.150679,1.643419,0.903665
-0.346087,1.155675,1.153761,1.658159,1.001225
-0.751643,1.114156,1.147597,1.667475,1.173393
-0.751643,0.657291,0.648326,1.667372,1.406375
-0.954421,0.574218,0.562032,1.666141,1.453745
0.059469,0.117371,0.078169,1.666141,1.517664
-0.143309,-0.048757,0.158299,1.633914,1.613142
-0.346087,-0.173348,-0.17763,1.582408,1.709352
-0.346087,-0.256421,-0.260842,1.552336,1.811542
-0.143309,-0.339494,-0.340973,1.551533,1.933664
0.059469,-0.422549,-0.504315,1.551533,2.017426
0.262247,-0.588677,-0.584445,1.557124,2.121432
0.465025,-0.837878,-0.830999,1.568576,2.193563
0.465025,-0.754805,-0.664575,1.587754,2.256507
0.262247,-0.879414,-0.917293,1.603763,2.266173
0.667803,-1.128597,-1.077553,1.638897,2.266173
0.870581,-1.170133,-1.157683,1.680895,2.267462
1.478915,-1.585462,-1.481285,1.755177,2.266691
1.073359,-1.793126,-1.737085,1.803844,2.261866
0.262247,-1.668517,-1.6662,1.848367,2.248725
0.059469,-1.834645,-1.752494,1.898442,2.22214
-0.346087,-2.00079,-2.008294,1.981167,2.207706
-1.157199,-1.834645,-1.854198,2.095014,2.153657
-1.157199,-1.834645,-1.854198,2.223029,1.969625
-1.562755,-1.793126,-1.77715,2.232792,1.842262
-1.562755,-1.460853,-1.77715,2.274477,1.78704
-1.359977,-1.294725,-1.274796,2.298092,1.667802
-1.359977,-0.796341,-0.858736,2.29992,1.528879
-1.359977,-0.879414,-0.941948,2.297352,1.455351
-1.157199,-0.588677,-0.606018,2.286374,1.251827
-1.359977,-0.464085,-0.525888,2.283405,1.178283
-1.359977,-0.256421,-0.276252,2.2935,1.099734
-1.562755,-0.297958,-0.279334,2.271526,1.027625
-1.359977,-0.256421,-0.276252,2.241453,1.000006
-1.157199,0.117371,0.059678,2.227302,0.897044
-1.157199,0.283499,0.226102,2.185297,0.777533
-1.157199,0.40809,0.392526,2.138154,0.614245
-1.359977,0.864955,0.805504,2.112373,0.603433
-1.157199,0.94801,0.891798,1.967681,0.580375
-1.562755,0.615755,0.635998,1.858494,0.570083
-1.359977,1.238747,1.304776,1.767265,0.562177
-0.954421,1.155675,1.144516,1.679067,0.563832
-0.751643,1.072619,1.064385,1.564687,0.568794
-0.954421,1.363339,1.144516,1.46462,0.568794
-0.548865,1.280284,1.317103,1.392324,0.568956
-0.751643,1.48793,1.480445,1.30412,0.580722
-0.346087,1.321802,1.236973,1.227493,0.614927
-0.346087,1.48793,1.486609,1.143707,0.672642
-0.143309,1.321802,1.323267,1.068595,0.733204
0.059469,1.820204,1.659197,0.993684,0.781504
0.262247,1.654076,1.745491,0.928048,0.827963
0.262247,1.778667,1.745491,0.86197,0.91354
0.059469,1.654076,1.659197,0.847486,0.999552
0.262247,1.571003,1.579067,0.83239,1.136591
0.465025,1.48793,1.498937,0.806875,1.267865
0.667803,1.363339,1.335595,0.791004,1.316054
0.667803,1.404875,1.169171,0.757765,1.402969
0.667803,1.114156,1.169171,0.75055,1.529528
0.667803,1.197211,1.169171,0.748746,1.643347
0.667803,0.989547,1.002747,0.752296,1.676218
0.870581,0.823419,0.922617,0.842553,1.682096
0.870581,0.864955,0.922617,0.963497,1.70272
0.870581,0.823419,0.922617,1.084591,1.771895
0.870581,0.740364,0.672981,1.220373,1.866549
0.870581,0.574218,0.589769,1.26536,1.915525
0.870581,0.200426,0.256921,1.306196,1.943859
0.870581,0.034298,0.007285,1.437055,1.950094
0.667803,0.200426,0.253839,1.571526,1.953209
0.870581,-0.339494,-0.408775,1.681805,1.98034
1.073359,-0.713286,-0.655329,1.760595,2.025178
0.059469,-0.962469,-0.920374,1.795718,2.103177
0.262247,-1.170133,-1.166929,1.872633,2.123468
-0.346087,-1.336261,-1.342598,1.958709,2.138997
-0.143309,-1.585462,-1.589152,1.989262,2.166744
-0.751643,-1.710053,-1.68161,2.053947,2.167994
-1.157199,-1.834645,-1.854198,2.123419,2.12451
-1.157199,-1.75159,-1.854198,2.194223,2.068163
-1.157199,-1.668517,-1.93741,2.19381,1.976164
-1.157199,-1.585462,-1.604562,2.090964,1.864642
-1.157199,-1.585462,-1.52135,2.035064,1.74948
-0.751643,-1.294725,-1.182338,1.993197,1.680156
-0.751643,-1.336261,-1.26555,1.952644,1.629291
-0.954421,-1.21167,-1.102208,1.922658,1.580834
-0.751643,-0.962469,-0.932702,1.854967,1.437843
-0.548865,-0.67175,-0.679984,1.822128,1.290037
-0.751643,-0.381013,-0.43343,1.792205,1.231625
-0.954421,-0.048757,-0.020452,1.747246,1.149298
-1.157199,-0.048757,-0.106746,1.68778,1.096273
-0.751643,-0.007221,-0.01737,1.641393,1.039381
-0.751643,0.283499,0.481902,1.50185,0.955341
-0.751643,0.657291,0.731538,1.431648,0.913446
-0.751643,0.698827,0.731538,1.348119,0.897847
-0.548865,0.740364,0.734619,1.296067,0.897847
-0.346087,0.740364,0.737701,1.170481,0.897847
-0.548865,1.114156,1.067467,1.11468,0.918
-0.548865,0.906492,0.984255,1.057094,0.958257
-0.143309,1.48793,1.406479,0.962103,1.043489
0.059469,1.404875,1.409561,0.883317,1.131978
0.465025,1.197211,1.498937,0.808762,1.187872
0.262247,0.989547,0.913371,0.8044,1.228341
0.465025,1.072619,0.999665,0.806,1.283362
0.667803,1.155675,1.252383,0.806521,1.399017
0.870581,1.404875,1.421889,0.835448,1.487389
0.667803,1.321802,1.252383,0.851949,1.564434
0.667803,1.155675,1.169171,0.86307,1.677607
0.667803,1.072619,1.002747,0.872373,1.795601
0.465025,0.864955,0.916453,0.881665,1.906831
0.667803,0.823419,0.753111,0.89065,1.987365
0.667803,0.574218,0.586687,0.977002,2.067429
0.870581,0.366572,0.423345,1.068207,2.13343
1.073359,0.117371,0.093579,1.163425,2.205428
0.870581,0.034298,0.007285,1.284056,2.301891
1.073359,-0.297958,-0.322481,1.349428,2.383637
1.276137,-0.505622,-0.485823,1.424255,2.416
1.276137,-0.630213,-0.569035,1.535648,2.416
1.276137,-0.713286,-0.652247,1.653859,2.416
1.276137,-0.837878,-0.818671,1.748391,2.336714
1.276137,-1.253206,-1.234731,1.814476,2.259693
1.478915,-1.253206,-1.314861,1.906741,2.231754
1.478915,-1.128597,-1.564497,2.000333,2.21552
0.667803,-1.710053,-1.743249,2.056756,2.187531
0.465025,-1.917717,-1.912754,2.138895,2.156055
0.262247,-2.00079,-2.08226,2.248564,2.002016
-0.751643,-2.166918,-2.180882,2.34525,1.779234
-0.751643,-2.083845,-2.09767,2.374327,1.705927
-0.954421,-2.00079,-2.01754,2.38735,1.672914
-1.157199,-1.585462,-1.604562,2.393184,1.622395
-1.562755,-1.502389,-1.527514,2.393184,1.568068
-1.359977,-1.045542,-1.108372,2.380995,1.558518
-1.359977,-1.170133,-1.02516,2.304287,1.538324
-1.359977,-1.045542,-1.02516,2.169317,1.533449
-1.562755,-0.879414,-0.861818,2.009684,1.505183
-1.359977,-0.796341,-0.858736,1.940614,1.538641
-1.157199,-0.837878,-0.855654,1.855234,1.559488
-1.157199,-0.920933,-0.855654,1.681662,1.543214
-1.157199,-0.920933,-0.938866,1.6133,1.539125
-0.954421,-0.754805,-0.935784,1.592847,1.5425
-0.751643,-0.588677,-0.599854,1.497854,1.54475
-0.548865,-0.381013,-0.430348,1.401171,1.552193
-0.548865,-0.630213,-0.679984,1.195752,1.588927
0.059469,-0.422549,-0.421103,1.070406,1.595797
-0.143309,-0.422549,-0.424184,0.998125,1.599169
0.465025,0.158907,0.084333,0.848461,1.597482
0.465025,0.075835,0.084333,0.779904,1.571434
0.870581,0.325035,0.589769,0.779904,1.520625
0.870581,0.532699,0.506557,0.779904,1.491829
0.870581,0.615755,0.589769,0.803541,1.393196
0.870581,0.864955,0.839405,0.880385,1.308552
0.870581,0.781882,0.839405,0.927892,1.199376
0.667803,0.906492,0.919535,1.013822,1.10722
0.870581,0.864955,0.756193,1.103393,0.968625
0.667803,0.740364,0.836323,1.24335,0.858675
0.465025,0.906492,0.916453,1.337564,0.814892
0.059469,1.114156,1.076713,1.384523,0.811385
0.059469,0.989547,1.076713,1.478708,0.795087
-0.143309,1.114156,1.156843,1.571598,0.787625
-0.143309,1.155675,1.073631,1.700721,0.783685
0.059469,1.363339,1.243137,1.833201,0.779625
-0.346087,0.864955,0.904125,1.943435,0.779625
-0.346087,1.031083,0.987337,2.046949,0.801992
-0.548865,0.989547,0.984255,2.126111,0.900368
-0.346087,0.781882,0.820913,2.173807,0.969375
-1.157199,0.532699,0.55895,2.219295,1.068752
-1.157199,0.40809,0.309314,2.276091,1.196068
-0.751643,0.366572,0.39869,2.346674,1.313486
-1.157199,0.241962,0.226102,2.37968,1.427689
-1.562755,-0.13183,-0.11291,2.384971,1.538466
-1.359977,-0.007221,-0.109828,2.388829,1.607103
-1.562755,-0.381013,-0.445758,2.390678,1.660392
-1.157199,-0.381013,-0.522806,2.390133,1.808235
-1.157199,-0.796341,-0.855654,2.382311,1.99003
-1.157199,-0.962469,-1.022078,2.344257,2.139854
-1.359977,-0.962469,-1.191584,2.248645,2.254135
-0.954421,-1.75159,-1.767904,2.089546,2.289086
-1.359977,-1.959254,-2.190128,2.038515,2.2915
-0.548865,-2.042309,-2.094588,1.915286,2.293413
-0.143309,-1.585462,-1.589152,1.848158,2.293884
0.870581,-1.710053,-1.573743,1.75886,2.315346
1.073359,-1.626998,-1.653873,1.609287,2.366739
1.073359,-1.502389,-1.321025,1.59585,2.396
1.276137,-0.837878,-0.901883,1.56477,2.400024
1.478915,-0.837878,-0.815589,1.390524,2.407761
1.478915,-0.713286,-0.649165,1.3143,2.40581
1.478915,-0.505622,-0.482741,1.043042,2.402405
1.478915,-0.588677,-0.565953,0.899902,2.38951
1.478915,-0.381013,-0.316317,0.79505,2.361078
1.478915,-0.13183,-0.066681,0.776642,2.303478
1.276137,-0.048757,-0.069763,0.773771,2.185717
1.276137,0.034298,0.013449,0.769728,2.062
1.276137,0.200426,0.179873,0.768187,1.971343
1.073359,0.283499,0.260003,0.7685,1.858628
1.073359,0.241962,0.260003,0.769729,1.771823
0.870581,0.366572,0.340133,0.770097,1.697812
0.870581,0.366572,0.423345,0.81778,1.632238
0.667803,0.574218,0.503475,0.917544,1.616167
0.667803,0.491163,0.503475,1.035412,1.612177
0.465025,0.366572,0.333969,1.147043,1.611552
0.465025,0.158907,0.250757,1.308138,1.604788
0.667803,-0.13183,-0.328645,1.37278,1.597723
0.465025,-0.422549,-0.331727,1.420181,1.568189
0.667803,-0.381013,-0.411857,1.491979,1.550739
0.262247,-0.422549,-0.418021,1.503093,1.519768
-0.143309,-0.090293,-0.174549,1.510067,1.386738
0.059469,-0.256421,-0.254679,1.511208,1.308335
-0.346087,-0.214885,-0.17763,1.472302,1.290535
-0.143309,0.075835,-0.008125,1.374813,1.254436
-0.143309,0.117371,0.075087,1.308373,1.180785
-0.143309,0.325035,0.324723,1.146964,1.043348
0.262247,0.40809,0.414099,1.116177,1.002448
0.059469,0.657291,0.743865,1.083067,0.949403
0.059469,0.906492,0.910289,1.044174,0.942754
0.059469,0.823419,0.910289,1.012477,0.945682
0.059469,1.238747,1.326349,0.989898,0.955464
0.059469,0.989547,1.076713,0.914343,0.968421
0.262247,1.404875,1.412643,0.892169,0.978878
0.059469,1.48793,1.409561,0.847721,0.990624
0.262247,1.155675,1.246219,0.81937,1.0395
0.667803,1.529467,1.502019,0.810616,1.085993
0.667803,1.529467,1.502019,0.795767,1.255822
0.667803,1.446412,1.502019,0.767034,1.345483
1.073359,1.238747,1.674607,0.7525,1.447873
0.465025,1.072619,1.082877,0.740872,1.538561
0.262247,0.906492,0.913371,0.723933,1.668546
0.870581,0.864955,0.922617,0.723933,1.805825
0.870581,0.740364,0.756193,0.723933,1.934588
1.073359,0.615755,0.676063,0.757682,2.033565
1.478915,0.615755,0.599015,0.80683,2.096688
1.276137,0.615755,0.679145,0.856973,2.158847
1.478915,0.283499,0.266167,0.890744,2.241202
1.478915,0.158907,0.182955,0.962445,2.271238
1.478915,-0.13183,-0.066681,1.030088,2.271238
1.681693,-0.173348,-0.146811,1.15582,2.271238
1.681693,-0.339494,-0.313235,1.259187,2.266852
1.478915,-0.422549,-0.233105,1.387409,2.261509
1.478915,-0.713286,-0.565953,1.522781,2.175281
1.276137,-0.879414,-0.901883,1.641368,2.158212
1.276137,-1.004005,-0.985095,1.755942,2.138264
1.478915,-1.045542,-0.982013,1.845303,2.101554
1.276137,-1.543925,-1.484367,1.904842,2.07791
0.870581,-1.585462,-1.573743,1.935393,2.038695
0.262247,-1.834645,-1.749412,2.044015,1.937545
-0.548865,-1.793126,-1.76174,2.152462,1.85838
-0.548865,-1.543925,-1.595316,2.254286,1.819866
-0.954421,-1.419334,-1.435056,2.404,1.655117
-0.954421,-1.253206,-1.351844,2.4035,1.442031
-1.359977,-1.294725,-1.358008,2.402968,1.395808
-1.562755,-0.796341,-0.861818,2.408574,1.360319
-1.359977,-0.837878,-0.858736,2.401445,1.2998
-1.562755,-0.630213,-0.695394,2.38555,1.145554
-1.359977,-0.464085,-0.525888,2.330786,1.090677
-1.359977,-0.173348,-0.19304,2.237926,0.984601
-1.359977,-0.214885,-0.19304,2.20873,0.828705
-1.765533,0.034298,0.050432,2.168796,0.790768
-1.359977,0.158907,0.139808,2.126212,0.776643
-0.954421,0.200426,0.312396,1.968014,0.765799
-1.157199,0.325035,0.309314,1.867339,0.754545
-1.157199,0.574218,0.55895,1.774644,0.728417
-0.954421,0.823419,0.811668,1.661888,0.726276
-0.954421,0.781882,0.811668,1.548116,0.726276
-0.751643,0.657291,0.731538,1.476393,0.727589
-0.548865,0.906492,0.901043,1.397066,0.754791
-0.346087,0.906492,0.904125,1.304719,0.802963
-0.548865,0.906492,0.901043,1.2825,0.818199
-0.548865,1.072619,1.067467,1.275,0.876875
-0.143309,1.197211,1.240055,1.275,0.948284
0.059469,1.238747,1.243137,1.277373,0.985112
-0.143309,1.238747,1.240055,1.286878,1.105693
0.262247,1.155675,1.079795,1.291048,1.209652
-0.346087,0.574218,0.654489,1.297032,1.313799
0.059469,0.449627,0.411017,1.299955,1.423266
0.262247,0.40809,0.414099,1.311401,1.510451
0.262247,0.075835,0.497311,1.345378,1.569122
0.059469,0.158907,0.078169,1.369705,1.575587
0.465025,0.075835,0.084333,1.381,1.577935
0.262247,-0.256421,-0.418021,1.509063,1.580282
0.262247,-0.505622,-0.501233,1.665173,1.557705
0.059469,-0.588677,-0.504315,1.760382,1.483059
-0.346087,-0.547141,-0.510478,1.877341,1.437827
-0.751643,-0.67175,-0.683066,1.957826,1.422684
-0.954421,-0.754805,-0.686148,1.977434,1.405539
-1.157199,-0.713286,-0.772442,1.974576,1.39891
-0.751643,-0.588677,-0.599854,1.963,1.416505
-0.751643,-0.630213,-0.516642,1.941,1.422684
-0.954421,-0.214885,-0.186876,1.755381,1.439083
-0.346087,-0.505622,-0.510478,1.627369,1.48034
0.059469,-0.339494,-0.337891,1.529651,1.51425
0.262247,-0.173348,-0.251597,1.411319,1.540943
0.262247,-0.256421,-0.251597,1.349886,1.55462
0.262247,0.075835,0.081251,1.222908,1.56
0.465025,0.075835,0.084333,1.095113,1.561892
0.465025,0.158907,0.084333,1.016163,1.56319
0.667803,0.740364,0.753111,0.872276,1.560764
0.870581,0.574218,0.672981,0.761943,1.559195
0.870581,0.615755,0.672981,0.721862,1.53739
1.073359,0.657291,0.676063,0.721862,1.472599
0.870581,0.781882,0.922617,0.721862,1.379028
0.870581,0.823419,0.922617,0.734335,1.2822
0.870581,0.906492,0.922617,0.756927,1.193954
0.667803,0.906492,0.919535,0.76443,1.129394
0.262247,1.238747,1.163007,0.782838,0.957586
0.465025,1.197211,1.249301,0.815971,0.79697
0.667803,1.238747,1.252383,0.919416,0.661318
0.262247,1.280284,1.329431,1.030918,0.621765
0.059469,1.612539,1.575985,1.157699,0.589232
0.059469,1.695595,1.659197,1.244437,0.567021
-0.143309,1.571003,1.572903,1.376514,0.557633
-0.143309,1.654076,1.572903,1.512706,0.546
-0.143309,1.48793,1.489691,1.619715,0.546
-0.548865,1.280284,1.233891,1.721737,0.546
-0.346087,1.363339,1.403397,1.822953,0.554828
-0.143309,1.238747,1.240055,1.903525,0.591989
-0.954421,0.94801,0.978092,1.978166,0.640845
-0.954421,1.031083,0.978092,2.083215,0.674321
-1.359977,0.574218,0.555868,2.275877,0.744009
-1.359977,0.698827,0.63908,2.359693,0.899044
-1.157199,0.615755,0.55895,2.388126,1.052113
-1.562755,0.491163,0.386362,2.393936,1.127685
-1.359977,0.40809,0.389444,2.406937,1.206254
-1.562755,0.200426,0.136726,2.416605,1.34746
-1.765533,-0.090293,-0.115992,2.41801,1.506398
-1.765533,-0.214885,-0.199204,2.41801,1.63924
-1.765533,-0.339494,-0.365628,2.411176,1.773682
-1.765533,-0.381013,-0.532052,2.385161,1.895192
-1.359977,-0.256421,-0.775524,2.32142,2.005
-1.562755,-1.004005,-1.028242,2.274756,2.119685
-1.765533,-1.128597,-1.114536,2.178815,2.245363
-0.954421,-1.502389,-1.518268,2.131021,2.338905
-1.157199,-1.543925,-1.604562,2.020356,2.43868
-1.562755,-1.668517,-1.610726,1.956467,2.475316
-0.548865,-2.083845,-2.344224,1.90917,2.485993
-0.346087,-2.208437,-2.25793,1.828589,2.496681
0.059469,-2.083845,-2.085342,1.561224,2.505752
0.262247,-1.917717,-1.915836,1.47769,2.520274
1.073359,-1.75159,-1.737085,1.373794,2.522359
1.073359,-1.294725,-1.321025,1.217334,2.522359
1.478915,-1.253206,-1.231649,1.139829,2.520163
1.478915,-1.128597,-1.148437,1.080843,2.480861
1.478915,-1.045542,-1.065225,1.01903,2.436892
1.478915,-0.713286,-0.732377,0.928577,2.401435
1.478915,-0.547141,-0.565953,0.831809,2.361786
1.478915,-0.381013,-0.399529,0.768411,2.273428
1.478915,-0.173348,-0.233105,0.730069,2.18085
1.478915,-0.048757,0.016531,0.709823,2.08811
1.681693,0.241962,0.269249,0.685312,1.927042
1.478915,0.366572,0.432591,0.678605,1.84904
1.478915,0.241962,0.349379,0.700236,1.781696
1.073359,0.40809,0.426427,0.714595,1.557558
1.073359,0.283499,0.343215,0.715,1.453059
1.073359,0.740364,0.759275,0.72125,1.342386
1.073359,0.740364,0.842487,0.777404,1.244425
1.073359,1.114156,1.175335,0.858032,1.097191
1.073359,1.155675,1.175335,0.975634,0.881572
1.073359,1.114156,1.175335,1.09895,0.774664
0.262247,1.238747,1.246219,1.169513,0.661709
0.059469,1.155675,1.243137,1.23602,0.656617
0.059469,1.48793,1.492773,1.278443,0.657
-0.143309,1.48793,1.489691,1.389173,0.657
-0.143309,1.571003,1.572903,1.510002,0.658125
-0.548865,1.48793,1.483527,1.641484,0.662279
-0.548865,1.238747,1.150679,1.763482,0.666061
-0.548865,1.155675,1.233891,1.877858,0.668181
-0.548865,1.155675,1.067467,2.012231,0.67135
-1.157199,0.864955,0.808586,2.072409,0.715126
-1.157199,0.657291,0.642162,2.140704,0.771396
-1.359977,0.574218,0.472656,2.197297,0.849115
-1.562755,0.40809,0.386362,2.236479,1.078355
-1.765533,0.283499,0.300068,2.293162,1.208057
-1.359977,-0.090293,-0.109828,2.299,1.327098
-1.359977,-0.339494,-0.276252,2.30025,1.470359
-1.765533,-0.339494,-0.365628,2.306363,1.61095
-1.359977,-0.713286,-0.775524,2.297834,1.708942
-1.157199,-0.920933,-0.938866,2.265789,1.794202
-1.359977,-1.253206,-1.274796,2.17124,1.894746
-0.954421,-1.710053,-1.684692,2.060693,2.129762
0.059469,-1.876181,-1.835706,2.038614,2.223317
0.465025,-1.793126,-1.74633,1.991913,2.226299
0.465025,-1.419334,-1.330271,1.861385,2.277688
0.870581,-1.336261,-1.407319,1.748552,2.292043
1.073359,-1.336261,-1.237813,1.62966,2.3225
1.276137,-1.294725,-1.234731,1.52125,2.382853
1.276137,-1.336261,-1.317943,1.464371,2.39491
1.276137,-1.170133,-1.068307,1.344147,2.398455
1.276137,-1.004005,-0.985095,1.241012,2.402
1.073359,-0.588677,-0.572117,1.175838,2.366705
1.073359,-0.339494,-0.322481,1.143905,2.287198
1.073359,-0.339494,-0.322481,1.094689,2.145338
1.073359,0.075835,0.093579,1.021384,2.072622
1.073359,-0.007221,0.010367,0.944,1.97916
1.073359,0.283499,0.343215,0.956003,1.879014
0.667803,0.740364,0.753111,0.960004,1.766223
0.465025,0.40809,0.333969,0.974128,1.683247
0.262247,0.657291,0.580523,1.025621,1.587454
0.262247,0.491163,0.497311,1.056069,1.469864
0.059469,0.532699,0.494229,1.066259,1.307344
0.262247,0.823419,0.913371,1.090713,1.091939
-0.143309,0.94801,0.990419,1.148619,1.052319
-0.346087,1.155675,1.070549,1.22601,0.876024
-0.548865,1.238747,0.984255,1.307388,0.829939
-0.954421,0.906492,0.89488,1.384505,0.822962
-0.346087,0.823419,0.820913,1.525,0.808618
-1.157199,0.740364,0.725374,1.648923,0.784158
-0.751643,0.740364,0.731538,1.787939,0.777787
-1.157199,0.449627,0.475738,1.919799,0.777787
-1.157199,0.491163,0.475738,2.014393,0.779037
-1.359977,0.40809,0.389444,2.087454,0.837049
-0.954421,-0.007221,-0.020452,2.133703,0.939508
-1.157199,-0.214885,-0.27317,2.175047,1.040732
-1.562755,-0.464085,-0.445758,2.288413,1.111361
-1.157199,-0.713286,-0.68923,2.32949,1.208216
-0.954421,-0.879414,-0.852572,2.32949,1.302804
-1.157199,-1.087061,-1.188502,2.330835,1.405875
-1.157199,-1.253206,-1.188502,2.331715,1.510958
-1.157199,-1.543925,-1.52135,2.315063,1.620811
-1.157199,-1.502389,-1.52135,2.280043,1.683771
-1.359977,-1.793126,-1.774068,2.258689,1.751185
0.262247,-1.75159,-1.749412,2.229424,2.000086
-0.143309,-1.834645,-1.755576,2.157721,2.136199
0.870581,-1.502389,-1.490531,2.08108,2.243317
1.276137,-1.502389,-1.401155,2.036224,2.286439
1.276137,-1.128597,-1.234731,1.98945,2.321706
1.276137,-1.21167,-1.151519,1.74712,2.382501
1.276137,-0.837878,-0.818671,1.585913,2.395429
1.276137,-0.505622,-0.485823,1.464687,2.396905
1.276137,-0.422549,-0.402611,1.32822,2.396789
1.276137,-0.339494,-0.319399,1.243762,2.385234
1.276137,0.200426,0.096661,1.058453,2.337125
1.276137,-0.007221,0.013449,0.975453,2.269639
1.073359,-0.007221,0.010367,0.905163,2.189015
1.073359,-0.007221,0.093579,0.826375,2.123839
0.870581,0.075835,0.090497,0.81222,2.064916
0.870581,0.200426,0.256921,0.81222,1.951642
0.667803,0.325035,0.337051,0.812576,1.8631
0.465025,0.491163,0.500393,0.859211,1.734921
0.667803,0.740364,0.669899,0.890348,1.615686
0.465025,0.781882,0.750029,0.89038,1.517096
0.667803,1.197211,1.252383,0.89038,1.386899
0.059469,1.155675,1.243137,0.898776,1.181608
-0.143309,1.238747,1.240055,0.900152,1.085041
-0.143309,1.404875,1.406479,0.900152,1.017
-0.143309,1.238747,1.240055,0.912459,0.959048
0.059469,1.404875,1.326349,1.003379,0.824685
-0.346087,1.446412,1.320185,1.096053,0.701242
-0.143309,1.238747,1.240055,1.282647,0.660505
-0.346087,1.072619,1.070549,1.364916,0.658132
-0.751643,0.94801,0.981174,1.444639,0.658132
-0.954421,0.40809,0.312396,1.519542,0.665066
-0.751643,0.241962,0.232266,1.591959,0.751143
-0.954421,0.325035,0.395608,1.656513,0.804741
-0.548865,0.075835,0.068924,1.703029,0.874575
-0.346087,-0.173348,-0.17763,1.773294,1.061875
-0.346087,-0.256421,-0.17763,1.784794,1.148313
-0.143309,-0.464085,-0.507396,1.798387,1.239468
0.059469,-0.67175,-0.670739,1.807187,1.340377
0.059469,-0.837878,-0.753951,1.79117,1.484444
0.262247,-0.588677,-0.584445,1.745918,1.537808
0.465025,-0.879414,-0.914211,1.689797,1.692647
1.073359,-1.170133,-1.154601,1.645407,1.813505
0.870581,-1.377797,-1.407319,1.60488,1.969694
0.870581,-1.377797,-1.490531,1.593364,2.093319
0.667803,-1.668517,-1.576825,1.593364,2.13212
0.465025,-1.668517,-1.663119,1.598243,2.178273
0.262247,-1.834645,-1.915836,1.625153,2.195819
-0.751643,-1.959254,-2.014458,1.721217,2.193119
-0.548865,-1.959254,-1.928164,1.819843,2.185694
-0.954421,-1.75159,-1.767904,1.883543,2.202363
-1.562755,-0.837878,-0.861818,1.936995,2.152795
-1.359977,-0.879414,-0.858736,2.099828,2.117579
-1.562755,-0.754805,-0.778606,2.218799,2.083142
-1.562755,-0.754805,-0.778606,2.256488,1.965371
-1.562755,-0.297958,-0.279334,2.308622,1.888208
-1.562755,-0.256421,-0.196122,2.312658,1.782141
-1.359977,-0.173348,-0.19304,2.309786,1.689607
-1.359977,0.200426,0.139808,2.263919,1.575056
-1.562755,0.325035,0.30315,2.2497,1.508842
-1.359977,0.158907,0.472656,2.241866,1.438953
-1.157199,0.491163,0.392526,2.230345,1.3522
-0.954421,0.864955,0.89488,2.209012,1.264603
-1.157199,0.449627,0.475738,2.16031,1.15948
-1.359977,0.864955,0.805504,2.128941,1.085166
-0.954421,0.906492,0.89488,2.096406,1.006453
-0.548865,0.94801,0.817831,2.059862,0.895029
-0.751643,1.114156,1.147597,1.977777,0.829572
-0.548865,1.155675,1.150679,1.894555,0.803345
-0.143309,1.031083,1.156843,1.822797,0.787978
-0.346087,0.94801,0.820913,1.707101,0.774204
0.059469,1.155675,1.076713,1.635451,0.75325
0.059469,1.072619,1.159925,1.526631,0.752
0.262247,1.238747,1.163007,1.415857,0.752
0.262247,1.072619,1.163007,1.342177,0.757734
0.465025,1.072619,1.082877,1.245378,0.813329
0.465025,0.94801,0.916453,1.178069,0.896461
0.667803,0.740364,0.753111,1.131907,0.993754
0.667803,0.657291,0.586687,1.038513,1.090176
0.870581,0.574218,0.506557,0.944582,1.208436
0.870581,0.491163,0.506557,0.873093,1.262092
1.073359,0.325035,0.343215,0.86248,1.417658
1.276137,0.241962,0.263085,0.855282,1.540431
1.073359,0.158907,0.176791,0.847065,1.631298
1.276137,-0.13183,-0.069763,0.835456,1.715824
1.276137,-0.173348,-0.236187,0.834499,1.851909
1.478915,-0.422549,-0.399529,0.835734,1.992352
1.478915,-0.505622,-0.399529,0.835734,2.093371
1.681693,-0.920933,-0.812507,0.839767,2.154083
1.681693,-0.920933,-0.812507,0.906745,2.170321
1.478915,-0.879414,-0.815589,0.986664,2.221372
1.681693,-1.294725,-1.228567,1.055903,2.308094
1.681693,-1.543925,-1.478203,1.118523,2.404939
1.478915,-1.585462,-1.647709,1.14721,2.5045
1.073359,-1.668517,-1.653873,1.219013,2.534
1.073359,-1.710053,-1.737085,1.349764,2.534
0.262247,-2.125382,-2.415108,1.460771,2.534
-0.751643,-2.042309,-2.014458,1.558575,2.530593
-0.954421,-1.834645,-2.100752,1.6775,2.519133
-0.751643,-1.959254,-1.931246,1.913978,2.511409
-0.548865,-1.460853,-1.428892,1.947001,2.406997
-0.751643,-1.253206,-1.26555,2.107431,2.287475
-1.157199,-1.128597,-1.188502,2.209245,2.204639
-1.359977,-1.004005,-1.02516,2.247624,2.052103
-1.562755,-0.920933,-1.111454,2.271957,1.977188
-1.157199,-0.879414,-0.855654,2.281048,1.923215
-1.359977,-0.422549,-0.442676,2.290576,1.847236
-1.157199,-0.422549,-0.439594,2.291484,1.758178
-1.359977,-0.048757,-0.109828,2.286928,1.6045
-1.359977,-0.339494,-0.276252,2.286,1.404122
-1.359977,0.158907,-0.109828,2.279315,1.297509
-1.359977,0.615755,0.555868,2.169755,1.242955
-0.954421,0.698827,0.645244,2.122089,1.174162
-0.751643,0.698827,0.731538,2.099443,1.016366
-0.548865,0.574218,0.568195,2.0755,0.892873
-0.751643,0.781882,0.731538,1.936273,0.856512
-0.751643,1.114156,1.147597,1.825643,0.829665
-0.751643,1.197211,1.147597,1.764606,0.806082
-0.346087,1.155675,1.153761,1.701058,0.7586
-0.143309,1.238747,1.156843,1.599417,0.696442
-0.346087,1.404875,1.403397,1.454716,0.670583
-0.346087,1.321802,1.320185,1.371253,0.661823
-0.143309,1.238747,1.156843,1.288155,0.661823
-0.143309,1.321802,1.323267,1.210773,0.671465
0.262247,1.404875,1.412643,1.16406,0.728229
0.059469,1.404875,1.409561,1.124843,0.807013
0.465025,1.404875,1.332513,1.062672,0.83557
0.465025,1.114156,1.082877,0.986984,0.882402
0.465025,1.072619,0.999665,0.931116,0.996739
0.465025,0.823419,0.833241,0.911779,1.148067
0.667803,0.823419,0.753111,0.902735,1.289693
0.870581,0.698827,0.756193,0.872816,1.414025
1.073359,0.698827,0.676063,0.806857,1.52297
1.073359,0.574218,0.676063,0.794643,1.642539
1.073359,0.532699,0.592851,0.794643,1.777591
0.667803,0.158907,0.170627,0.803862,1.805322
1.073359,0.034298,0.093579,0.932271,1.80991
0.870581,0.034298,0.090497,0.989012,1.816928
1.073359,-0.214885,-0.156057,1.099812,1.841219
1.276137,-0.505622,-0.485823,1.162273,1.958595
1.073359,-0.464085,-0.405693,1.265409,2.028572
0.262247,-0.713286,-0.750869,1.38214,2.060875
0.465025,-0.837878,-0.747787,1.518568,2.076296
0.262247,-1.253206,-1.250141,1.656886,2.084558
0.262247,-1.502389,-1.416564,1.789014,2.097775
-0.143309,-1.626998,-1.672364,1.853078,2.131067
-0.346087,-1.75159,-1.675446,1.924812,2.156989
-0.954421,-1.75159,-1.767904,2.02476,2.210295
-1.157199,-1.75159,-1.770986,2.078554,2.218777
-0.751643,-1.75159,-1.848034,2.094714,2.221979
-0.548865,-1.75159,-1.76174,2.094714,2.241352
-0.548865,-1.668517,-1.678528,2.081786,2.2822
-0.143309,-1.917717,-1.922,1.918933,2.295909
0.059469,-2.00079,-1.918918,1.738323,2.389831
1.276137,-1.668517,-1.650791,1.644916,2.484686
1.073359,-1.626998,-1.570661,1.579208,2.522347
1.276137,-1.668517,-1.650791,1.515381,2.525094
1.478915,-1.626998,-1.564497,1.369705,2.525094
1.478915,-0.879414,-0.815589,1.248205,2.524308
1.276137,-0.796341,-0.735459,1.150396,2.500983
1.478915,-0.547141,-0.482741,1.016273,2.464864
1.478915,-0.422549,-0.399529,0.885788,2.416878
1.478915,-0.13183,-0.233105,0.8164,2.316682
1.478915,-0.048757,-0.149893,0.808422,2.186539
1.276137,0.034298,0.096661,0.801725,2.055474
1.276137,0.117371,0.096661,0.782581,1.943049
1.073359,0.366572,0.426427,0.745016,1.785797
1.073359,0.574218,0.592851,0.736,1.636717
1.073359,0.781882,1.092123,0.736,1.500018
0.870581,1.031083,1.089041,0.736,1.344031
0.667803,0.94801,1.002747,0.750431,1.212002
0.667803,1.363339,1.335595,0.784545,1.090528
0.262247,1.654076,1.662279,0.848095,0.957763
0.059469,1.404875,1.409561,0.918892,0.815407
0.059469,1.571003,1.659197,1.003759,0.720286
-0.346087,1.48793,1.486609,1.108014,0.711606
-0.346087,1.238747,1.486609,1.218567,0.705717
-0.346087,1.031083,1.070549,1.291838,0.700012
-0.143309,1.197211,1.073631,1.413597,0.68893
-1.157199,1.072619,0.891798,1.552177,0.696867
-0.954421,0.906492,0.89488,1.679795,0.698781
-1.157199,0.283499,0.309314,1.838892,0.701227
-0.954421,0.532699,0.47882,1.892707,0.750192
-0.751643,0.366572,0.315478,1.940109,0.805883
-0.954421,0.283499,0.229184,2.022422,0.892352
-1.359977,-0.13183,-0.109828,2.145085,1.041925
-1.359977,-0.090293,-0.109828,2.193913,1.12058
-1.562755,-0.464085,-0.52897,2.319039,1.264186
-1.359977,-0.754805,-0.775524,2.358152,1.361514
-1.562755,-0.713286,-0.695394,2.377,1.412484
-1.157199,-0.796341,-0.772442,2.3668,1.525287
-1.562755,-1.294725,-1.277878,2.289974,1.72164
-1.157199,-1.543925,-1.604562,2.239024,1.867186
-0.954421,-1.668517,-1.60148,2.211351,1.982441
-0.548865,-1.793126,-1.76174,2.196527,1.997505
-0.751643,-1.917717,-1.848034,2.01911,2.130642
-0.548865,-1.377797,-1.76174,1.823107,2.216771
-0.346087,-1.419334,-1.509022,1.730076,2.225645
0.870581,-1.294725,-1.324107,1.591378,2.261952
0.870581,-1.087061,-0.991259,1.558619,2.27778
1.073359,-0.837878,-0.904965,1.557321,2.27778
1.276137,-0.67175,-0.735459,1.477461,2.27697
1.276137,-0.547141,-0.569035,1.37149,2.25042
1.478915,-0.422549,-0.482741,1.344449,2.185179
1.276137,-0.297958,-0.236187,1.164252,2.149957
1.276137,-0.007221,0.013449,0.842687,2.122375
1.478915,0.200426,0.182955,0.72831,2.09988
1.478915,0.241962,0.266167,0.674782,2.066326
1.478915,0.325035,0.349379,0.673982,1.953185
1.073359,0.532699,0.426427,0.666475,1.853163
1.073359,0.491163,0.509639,0.662592,1.730957
1.073359,0.574218,0.592851,0.671042,1.601517
1.073359,0.698827,0.509639,0.677347,1.418275
0.667803,0.906492,1.002747,0.683731,1.283274
0.667803,1.197211,1.502019,0.709046,1.17127
0.667803,1.571003,1.502019,0.81552,1.085035
0.465025,1.197211,1.166089,0.907841,1.054607
0.465025,1.280284,1.249301,1.007113,1.029791
0.262247,1.238747,1.163007,1.082237,1.029791
0.262247,1.072619,0.996583,1.160304,1.077518
0.667803,0.989547,1.085959,1.299106,1.125754
0.465025,1.114156,0.999665,1.311111,1.195195
0.262247,0.740364,0.830159,1.31772,1.320495
0.059469,0.657291,0.660653,1.334408,1.43172
0.262247,0.657291,0.663735,1.346125,1.589005
0.262247,0.241962,0.330887,1.370076,1.711174
0.262247,0.075835,0.081251,1.42982,1.8484
0.262247,-0.256421,-0.168385,1.464569,1.958909
0.262247,-0.422549,-0.334809,1.52364,2.0852
0.465025,-0.588677,-0.414939,1.587883,2.131
0.465025,-0.713286,-0.664575,1.649699,2.1316
0.465025,-0.713286,-0.664575,1.746877,2.15185
0.667803,-1.170133,-1.077553,1.788523,2.141726
0.465025,-1.253206,-1.330271,1.834204,2.125994
0.465025,-1.668517,-1.663119,1.92747,2.123249
0.262247,-1.834645,-1.915836,2.156056,2.10115
-0.346087,-1.917717,-1.925082,2.218435,2.077259
-0.751643,-1.502389,-1.515186,2.262968,1.936946
-0.548865,-1.253206,-1.34568,2.284903,1.795921
-1.157199,-0.962469,-1.188502,2.353852,1.623877
-1.157199,-0.713286,-0.68923,2.383848,1.448224
-1.562755,-0.381013,-0.445758,2.404984,1.379407
-1.359977,-0.422549,-0.359464,2.425644,1.275433
-1.359977,-0.007221,-0.109828,2.425644,1.034204
-1.359977,-0.090293,-0.109828,2.383102,0.966247
-1.359977,-0.13183,-0.109828,2.304406,0.925812
-1.359977,0.200426,0.22302,2.233443,0.884691
-1.359977,0.574218,0.555868,2.155089,0.790171
-1.157199,0.698827,0.642162,2.084775,0.696036
-1.359977,0.740364,0.63908,2.005398,0.657386
-1.359977,0.698827,0.722292,1.878727,0.641714
-1.157199,1.114156,1.224646,1.774318,0.616914
-1.157199,1.155675,1.141434,1.681885,0.585601
-0.954421,1.197211,1.144516,1.593505,0.558083
-0.954421,1.238747,1.227728,1.459737,0.561581
-1.157199,1.404875,1.474282,1.368577,0.572615
-0.954421,1.321802,1.477363,1.30759,0.58419
-0.548865,1.363339,1.317103,1.257576,0.653874
-0.346087,1.321802,1.320185,1.198239,0.736869
-0.143309,1.571003,1.489691,1.158183,0.827078
0.059469,1.404875,1.492773,1.026313,0.940588
0.262247,1.404875,1.412643,0.879964,1.069937
0.262247,1.238747,1.246219,0.859093,1.141312
0.262247,1.280284,1.329431,0.842887,1.232751
0.667803,1.321802,1.252383,0.822875,1.388125
0.465025,1.072619,1.082877,0.743027,1.528785
0.870581,0.906492,1.005829,0.697053,1.607998
0.667803,0.823419,0.836323,0.672968,1.685875
1.073359,0.823419,0.842487,0.672968,1.813019
1.276137,0.864955,0.679145,0.672968,1.929004
1.478915,0.781882,1.015075,0.683118,2.017031
1.276137,0.366572,0.346297,0.737836,2.087177
1.276137,0.117371,0.263085,0.81679,2.136198
1.276137,0.325035,0.263085,0.883905,2.230403
1.681693,-0.090293,0.019613,0.945723,2.330946
1.681693,-0.297958,-0.313235,1.045326,2.347
1.478915,-0.67175,-0.649165,1.168321,2.347
1.276137,-0.630213,-0.319399,1.280056,2.347
1.276137,-0.962469,-0.985095,1.365666,2.296772
1.276137,-1.045542,-1.068307,1.49119,2.235916
1.276137,-1.377797,-1.401155,1.608961,2.222943
1.478915,-1.377797,-1.398073,1.714834,2.214806
0.667803,-1.585462,-1.576825,1.810113,2.191402
0.262247,-1.793126,-1.749412,1.892236,2.149786
0.059469,-1.75159,-1.835706,1.977511,2.032208
0.262247,-1.876181,-1.832624,2.037042,1.921738
-0.954421,-1.419334,-1.351844,2.038282,1.867015
-0.751643,-1.336261,-1.348762,2.042,1.854935
-0.954421,-1.253206,-1.18542,2.030659,1.822807
-0.954421,-1.170133,-1.102208,2.01527,1.7347
-0.751643,-0.962469,-1.015914,1.996233,1.615144
-0.143309,-0.920933,-0.923456,1.924155,1.58977
-0.143309,-0.837878,-0.757032,1.792233,1.56969
-0.143309,-0.256421,-0.257761,1.759131,1.554309
-0.143309,-0.256421,-0.174549,1.632393,1.452257
-0.143309,0.325035,0.324723,1.591728,1.365016
0.059469,0.574218,0.494229,1.502039,1.298335
0.262247,0.325035,0.330887,1.329589,1.160266
0.059469,0.491163,0.494229,1.278188,1.157201
0.262247,0.781882,0.746947,1.102864,1.086951
0.059469,0.906492,0.660653,0.996503,1.059105
0.262247,1.321802,1.246219,0.844731,1.004623
0.465025,1.031083,1.082877,0.812938,0.944584
0.262247,1.446412,1.412643,0.782036,0.819894
0.262247,1.695595,1.662279,0.779681,0.760143
0.465025,1.820204,1.831785,0.779681,0.664267
0.465025,1.903259,1.914997,0.791165,0.60701
0.667803,2.069387,2.084503,0.886705,0.595479
0.262247,1.48793,1.579067,0.979481,0.572166
0.465025,1.820204,1.831785,1.072876,0.543331
0.059469,1.737131,1.659197,1.186184,0.53985
-0.143309,1.654076,1.656115,1.249377,0.53985
-0.548865,1.654076,1.649951,1.27,0.547292
0.059469,1.654076,1.575985,1.277831,0.679194
0.059469,1.321802,1.326349,1.295408,0.811056
0.059469,1.238747,1.243137,1.296459,0.956857
0.059469,1.072619,0.993501,1.291124,1.134545
-0.143309,0.989547,0.990419,1.288923,1.244504
-0.143309,0.94801,0.740783,1.28265,1.399081
0.059469,0.615755,0.577441,1.254724,1.50937
0.059469,0.40809,0.411017,1.2171,1.681496
0.262247,0.075835,0.081251,1.2145,1.806146
0.059469,0.075835,0.078169,1.2145,1.923702
0.465025,0.034298,0.001121,1.220423,2.051812
0.870581,-0.090293,-0.159139,1.237723,2.118503
0.870581,-0.173348,-0.325563,1.281052,2.199474
0.870581,-0.505622,-0.491987,1.323169,2.228018
1.073359,-0.464085,-0.488905,1.324,2.228018
1.276137,-0.796341,-0.818671,1.326421,2.228018
1.276137,-0.796341,-0.818671,1.340136,2.159259
1.478915,-0.962469,-0.898801,1.347,2.041099
1.276137,-0.879414,-0.901883,1.347375,1.948224
1.073359,-0.754805,-0.738541,1.333036,1.860074
1.073359,-0.796341,-0.738541,1.3235,1.762
0.870581,-0.920933,-0.908047,1.329041,1.607408
0.667803,-0.837878,-0.827917,1.340792,1.529052
0.262247,-0.505622,-0.501233,1.342341,1.421401
0.262247,-0.381013,-0.501233,1.340264,1.309712
0.262247,-0.505622,-0.418021,1.340956,1.142409
0.262247,-0.339494,0.164463,1.354326,1.045289
-0.143309,0.283499,0.241511,1.383257,0.931444
0.262247,0.449627,0.247675,1.409514,0.830979
0.059469,0.40809,0.494229,1.454835,0.651413
0.059469,0.615755,0.660653,1.573065,0.526109
-0.346087,0.823419,0.820913,1.673563,0.51942
-0.751643,0.906492,1.147597,1.761504,0.505171
-0.751643,1.155675,1.064385,1.859094,0.5
-0.548865,1.197211,1.233891,1.995665,0.511126
-0.751643,1.072619,1.147597,2.22675,0.521333
-0.954421,1.155675,1.144516,2.28032,0.535
-0.954421,1.072619,1.061304,2.312142,0.581238
-1.157199,0.94801,0.97501,2.317956,0.737923
-1.562755,0.864955,0.802422,2.326113,0.862187
-1.359977,0.864955,0.805504,2.334888,0.982096
-1.359977,1.031083,0.888716,2.357883,1.10695
-0.954421,0.740364,0.811668,2.399385,1.2362
-1.359977,0.781882,0.722292,2.419052,1.328832
-1.359977,0.40809,0.389444,2.423552,1.446146
-1.359977,0.40809,0.306232,2.425616,1.524048
-1.157199,0.200426,0.226102,2.395327,1.657227
-1.562755,-0.13183,-0.11291,2.350306,1.801539
-1.359977,-0.007221,-0.109828,2.302541,2.066423
-1.765533,-0.422549,-0.44884,2.267491,2.257355
-1.562755,-0.588677,-0.612182,2.129323,2.313415
-1.157199,-0.630213,-0.68923,2.064217,2.342602
-1.157199,-1.087061,-1.188502,2.046521,2.356862
-0.751643,-0.962469,-0.766278,1.869083,2.39262
-1.157199,-1.377797,-1.438138,1.714346,2.4839
-0.751643,-1.876181,-1.848034,1.647546,2.525305
0.465025,-1.834645,-1.74633,1.453768,2.535432
0.667803,-2.00079,-1.909673,1.342061,2.535432
1.276137,-1.834645,-1.817215,1.229935,2.533845
1.478915,-1.793126,-1.730921,1.119482,2.51749
1.478915,-1.294725,-1.231649,1.020853,2.494894
1.478915,-1.128597,-1.148437,0.894311,2.489665
1.478915,-0.920933,-0.982013,0.788187,2.464083
1.478915,-0.67175,-0.732377,0.756556,2.380809
1.478915,-0.754805,-0.732377,0.751855,2.254624
1.681693,-0.630213,-0.562871,0.743579,2.144928
1.681693,-0.297958,-0.230023,0.735685,2.017165
1.478915,-0.090293,-0.066681,0.693845,1.924753
1.681693,0.158907,0.186037,0.6575,1.826016
1.276137,0.158907,0.179873,0.6575,1.694292
1.276137,0.283499,0.346297,0.6575,1.552683
1.073359,0.158907,0.176791,0.678734,1.412016
1.276137,0.366572,0.346297,0.736147,1.280112
1.073359,0.864955,0.842487,0.774758,1.210829
0.870581,1.031083,0.922617,0.79623,1.116396
0.870581,0.94801,0.922617,0.850585,0.887043
0.667803,0.989547,1.002747,0.918551,0.762832
0.870581,1.238747,1.255465,1.0015,0.737068
0.465025,1.031083,0.999665,1.152183,0.727437
0.870581,1.446412,1.671525,1.230565,0.718754
0.465025,1.571003,1.665361,1.338846,0.718359
0.262247,1.737131,1.662279,1.439801,0.726722
0.262247,1.321802,1.329431,1.56364,0.739417
0.059469,1.404875,1.409561,1.623648,0.753613
-0.346087,1.197211,0.904125,1.680986,0.861236
-0.143309,1.155675,1.156843,1.695907,1.055109
-0.346087,1.072619,1.153761,1.718525,1.120772
-0.548865,1.031083,1.067467,1.769112,1.290018
-0.751643,1.155675,1.064385,1.710828,1.370968
-0.548865,0.574218,0.651407,1.70785,1.591468
-0.346087,0.491163,0.571277,1.698215,1.71211
-0.548865,0.40809,0.401772,1.647646,1.79994
-0.346087,0.117371,0.072006,1.647,1.937042
-0.346087,-0.090293,-0.17763,1.647,2.0381
-0.548865,-0.214885,-0.0975,1.650976,2.071
0.262247,-0.339494,-0.251597,1.709843,2.071
0.667803,-0.754805,-0.744705,1.81739,2.071
0.870581,-0.754805,-0.741623,1.939656,2.057692
0.465025,-1.004005,-0.914211,2.052456,2.022451
0.262247,-1.170133,-1.250141,2.129769,1.977437
0.262247,-1.170133,-1.166929,2.159301,1.9358
-0.143309,-1.502389,-1.50594,2.204126,1.852001
0.059469,-1.585462,-1.752494,2.237148,1.796054
-0.346087,-1.876181,-1.758658,2.300729,1.700367
-0.548865,-1.876181,-1.76174,2.376716,1.541855
-0.751643,-1.626998,-1.68161,2.381,1.290337
-0.751643,-1.626998,-1.68161,2.381,1.207473
-0.954421,-1.21167,-1.268632,2.374209,1.176612
-0.751643,-1.336261,-1.348762,2.246034,1.1219
-1.157199,-1.128597,-1.271714,2.189453,0.992539
-1.562755,-0.920933,-0.778606,2.146905,0.900243
-1.157199,-0.464085,-0.522806,2.091479,0.795803
-1.562755,-0.339494,-0.279334,1.993386,0.722999
-1.359977,-0.13183,-0.109828,1.885058,0.680997
-1.359977,0.075835,0.056596,1.756047,0.643684
-1.157199,0.158907,0.14289,1.670226,0.630689
-0.954421,0.491163,0.562032,1.5665,0.629571
-1.157199,0.40809,0.309314,1.453544,0.629571
-1.157199,0.657291,0.725374,1.352746,0.633638
-1.359977,1.072619,1.05514,1.297191,0.723577
-1.157199,0.906492,0.891798,1.228483,0.823542
-0.954421,0.94801,0.978092,1.185161,0.916052
-0.954421,1.197211,1.227728,1.023028,1.012735
-0.751643,1.280284,1.230809,0.939274,1.127525
-0.548865,1.404875,1.400315,0.898243,1.241527
-0.346087,1.446412,1.403397,0.841342,1.361225
-0.346087,1.321802,1.403397,0.787973,1.490375
-0.346087,1.280284,1.236973,0.736311,1.641862
0.059469,1.197211,1.326349,0.686768,1.767586
0.059469,1.197211,1.243137,0.686768,1.891163
-0.143309,0.989547,0.990419,0.686768,2.00525
0.059469,1.072619,1.076713,0.705513,2.069529
0.465025,1.114156,1.082877,0.777872,2.124679
0.262247,1.031083,0.996583,0.853767,2.176515
1.073359,0.823419,0.842487,0.928513,2.249625
1.073359,0.781882,0.759275,0.993725,2.336568
1.073359,0.740364,0.759275,1.1299,2.353689
1.276137,0.740364,0.679145,1.307395,2.353689
1.276137,0.574218,0.595933,1.423706,2.353689
1.276137,0.366572,0.346297,1.466655,2.336229
1.276137,0.283499,0.263085,1.544766,2.308812
1.478915,0.034298,0.016531,1.669117,2.292525
1.478915,-0.173348,-0.149893,1.815831,2.242724
1.276137,-0.256421,-0.152975,1.871894,2.194737
1.681693,-0.339494,-0.562871,1.899857,2.066298
1.478915,-0.67175,-0.565953,1.942001,1.944918
1.681693,-0.879414,-0.812507,2.007658,1.825335
1.276137,-0.962469,-0.901883,2.068275,1.711953
1.276137,-1.170133,-1.234731,2.129666,1.618915
1.073359,-1.336261,-1.321025,2.193744,1.484701
0.870581,-1.460853,-1.490531,2.200107,1.311503
0.465025,-1.917717,-1.829542,2.166355,1.286474
0.059469,-2.00079,-1.918918,2.108658,1.284147
-0.346087,-1.419334,-1.509022,1.992194,1.289187
-0.346087,-1.626998,-1.592234,1.965313,1.306314
-0.548865,-1.668517,-1.678528,1.907058,1.395839
-0.954421,-0.67175,-0.686148,1.809091,1.419629
-1.157199,-0.837878,-0.855654,1.559142,1.485941
-1.359977,-0.588677,-0.6091,1.435404,1.571357
-1.157199,-0.381013,-0.606018,1.41654,1.599513
-1.157199,-0.090293,-0.189958,1.292718,1.645867
-0.954421,-0.007221,-0.020452,1.222186,1.64938
-0.751643,-0.007221,-0.01737,1.089617,1.66375
-0.346087,-0.007221,-0.011206,0.936035,1.658881
-0.143309,-0.256421,-0.257761,0.837938,1.649927
0.059469,-0.090293,-0.088255,0.788,1.640481
-0.346087,-0.339494,-0.094418,0.788,1.576586
0.667803,-0.173348,-0.162221,0.79175,1.4835
0.667803,-0.173348,-0.162221,0.8032,1.3836
0.870581,0.283499,0.340133,0.826755,1.290178
0.870581,0.366572,0.423345,0.8337,1.150871
1.073359,0.491163,0.509639,0.858,0.994
1.073359,0.574218,0.509639,0.988537,0.909791
0.870581,0.532699,0.506557,1.154902,0.793521
0.667803,0.657291,0.669899,1.185081,0.783442
0.667803,0.698827,0.753111,1.25605,0.756609
0.667803,0.989547,0.919535,1.324844,0.712675
0.465025,0.906492,0.916453,1.436464,0.678295
0.667803,1.155675,1.335595,1.567049,0.678295
0.262247,1.238747,1.246219,1.666164,0.678295
0.262247,1.280284,1.246219,1.777417,0.691534
0.059469,1.072619,1.159925,1.820973,0.777446
0.059469,1.321802,1.243137,1.930714,0.861876
0.059469,1.197211,1.409561,2.061877,0.890138
-0.143309,1.155675,1.240055,2.188429,0.95496
-0.143309,0.989547,0.990419,2.245848,1.069897
-0.346087,0.906492,0.987337,2.26423,1.184355
-0.751643,0.989547,0.981174,2.269094,1.25289
-0.751643,0.823419,0.897962,2.271433,1.316083
-1.359977,0.698827,0.63908,2.27338,1.423743
-0.954421,0.366572,0.395608,2.257661,1.669409
-1.359977,0.325035,0.22302,2.248446,1.778395
-1.765533,0.241962,0.466492,2.229252,1.84862
-1.359977,0.200426,0.22302,2.177282,1.946165
-0.954421,0.158907,0.06276,2.043029,2.040323
-1.157199,-0.339494,-0.356382,1.825786,2.171206
-1.157199,-0.588677,-0.522806,1.739294,2.219821
-1.157199,-0.754805,-0.439594,1.613209,2.278398
-0.751643,-0.754805,-0.599854,1.531776,2.408325
